mnemonic,All usual residents aged 16 to 74,Economically active,Economically active: In employment,Economically active: Employee: Part-time,Economically active: Employee: Full-time,Economically active: Self-employed,Economically active: Unemployed,Economically active: Full-time student,Economically Inactive,Economically inactive: Retired,Economically inactive: Student (including full-time students),Economically inactive: Looking after home or family,Economically inactive: Long-term sick or disabled,Economically inactive: Other,Unemployed: Age 16 to 24,Unemployed: Age 50 to 74,Unemployed: Never worked,Long-term unemployed
S12000005,100.0,67.5,59.2,13.0,40.2,6.0,5.7,2.6,32.5,16.4,3.6,3.6,5.8,3.1,1.8,1.0,1.0,2.4
S12000006,100.0,67.7,61.5,15.9,34.5,11.1,4.2,2.0,32.3,19.5,3.2,3.3,4.7,1.6,1.4,0.8,0.6,1.6
S12000008,100.0,67.2,58.6,13.9,37.7,7.0,6.0,2.7,32.8,16.5,4.2,3.7,6.1,2.3,1.8,1.1,0.9,2.4
S12000010,100.0,71.1,64.0,15.0,39.6,9.4,4.2,3.0,28.9,15.8,4.2,3.3,3.9,1.6,1.4,0.7,0.6,1.4
S12000011,100.0,69.9,61.9,14.0,38.8,9.2,3.5,4.5,30.1,16.0,5.3,3.7,3.8,1.4,1.0,0.8,0.5,1.3
S12000013,100.0,70.6,64.6,15.2,39.4,10.1,4.2,1.8,29.4,18.1,3.3,2.8,3.7,1.4,1.0,1.3,0.3,1.7
S12000014,100.0,71.1,63.1,13.9,43.1,6.1,5.1,2.9,28.9,15.7,3.0,3.3,5.1,1.9,1.6,0.9,0.6,2.0
S12000015,100.0,67.6,59.2,13.6,39.1,6.6,5.2,3.1,32.4,16.5,6.0,3.5,4.7,1.7,1.6,1.0,0.7,2.1
S12000017,100.0,71.5,65.7,15.2,39.5,11.0,4.0,1.9,28.5,16.0,3.2,3.8,3.9,1.7,1.1,0.9,0.4,1.4
S12000018,100.0,64.2,55.8,13.8,37.0,5.0,5.2,3.2,35.8,16.0,4.9,3.9,8.9,2.1,1.5,1.1,0.6,1.8
S12000019,100.0,71.1,64.1,15.0,41.6,7.5,4.4,2.7,28.9,15.6,3.5,3.6,4.5,1.7,1.6,0.7,0.6,1.6
S12000020,100.0,71.5,65.5,15.7,41.4,8.4,3.9,2.1,28.5,16.3,3.4,3.9,3.2,1.5,1.4,0.8,0.4,1.3
S12000021,100.0,65.2,55.5,13.5,35.4,6.5,6.8,2.9,34.8,18.4,4.4,3.9,6.2,1.9,2.0,1.3,0.9,3.0
S12000023,100.0,73.7,69.3,16.5,37.5,15.2,2.4,2.0,26.3,16.8,2.4,3.1,3.0,1.0,0.8,0.5,0.2,0.8
S12000024,100.0,71.0,65.0,14.3,40.1,10.6,3.3,2.7,29.0,17.2,3.5,3.0,3.3,1.9,1.1,0.7,0.4,1.1
S12000026,100.0,69.6,63.5,15.1,36.3,12.1,4.0,2.1,30.4,18.6,3.5,3.1,3.6,1.5,1.3,0.9,0.5,1.5
S12000027,100.0,78.1,74.0,17.4,47.6,9.0,2.0,2.0,21.9,12.8,2.5,2.3,3.0,1.3,0.7,0.4,0.2,0.7
S12000028,100.0,65.7,57.8,14.5,35.3,8.0,4.8,3.1,34.3,19.9,3.9,3.6,5.2,1.7,1.5,1.0,0.6,1.9
S12000029,100.0,70.1,61.9,13.2,41.6,7.0,5.1,3.1,29.9,15.5,3.8,3.3,5.6,1.8,1.6,1.0,0.7,2.0
S12000030,100.0,68.0,58.5,12.6,36.7,9.3,3.9,5.6,32.0,15.1,7.6,3.3,4.1,1.9,1.2,0.7,0.5,1.5
S12000033,100.0,73.3,62.9,11.7,45.4,5.8,3.1,7.3,26.7,10.7,7.7,3.2,3.4,1.6,0.9,0.5,0.4,1.1
S12000034,100.0,74.9,69.5,15.2,44.1,10.2,2.5,2.9,25.1,13.6,3.1,4.2,2.7,1.4,0.8,0.5,0.3,0.9
S12000035,100.0,68.6,62.7,14.0,36.6,12.1,4.1,1.8,31.4,19.6,3.5,3.2,3.6,1.5,1.2,1.0,0.4,1.5
S12000036,100.0,69.0,59.6,11.4,40.3,7.9,3.9,5.5,31.0,11.6,10.3,3.5,3.7,1.9,1.0,0.7,0.5,1.4
S12000038,100.0,68.7,59.8,13.2,41.1,5.4,5.1,3.8,31.3,15.5,4.5,3.2,6.4,1.7,1.5,1.0,0.7,2.0
S12000039,100.0,67.6,58.0,13.8,39.5,4.8,6.4,3.2,32.4,14.8,4.0,4.1,7.7,1.8,2.0,1.2,0.9,2.7
S12000040,100.0,72.2,64.4,13.5,44.7,6.2,5.0,2.8,27.8,13.7,3.5,3.6,5.0,2.0,1.7,0.8,0.6,1.8
S12000041,100.0,69.3,62.2,14.3,39.5,8.5,4.2,2.9,30.7,18.1,3.7,3.4,3.8,1.7,1.4,0.8,0.6,1.6
S12000042,100.0,64.4,52.1,12.6,34.7,4.9,5.7,6.6,35.6,14.2,10.1,3.2,6.0,2.0,1.7,1.0,0.9,2.4
S12000044,100.0,69.6,60.4,13.2,41.7,5.6,6.0,3.1,30.4,14.4,3.8,3.7,6.5,2.1,1.9,1.0,0.9,2.4
S12000045,100.0,69.2,61.8,13.5,39.7,8.6,3.5,3.9,30.8,17.8,5.2,3.1,3.4,1.2,1.0,0.8,0.4,1.3
S12000046,100.0,64.5,52.7,11.1,36.2,5.4,6.5,5.4,35.5,11.3,8.7,4.1,8.4,3.0,1.8,1.0,1.2,2.7
E12000001,100.0,66.1,57.5,14.2,36.8,6.5,5.4,3.3,33.9,16.0,5.9,4.0,5.8,2.2,1.6,1.0,1.0,2.1
E12000002,100.0,67.8,59.6,13.9,37.5,8.2,4.7,3.5,32.2,14.8,5.6,3.9,5.6,2.2,1.4,0.8,0.8,1.8
E12000003,100.0,68.4,60.0,14.6,37.0,8.4,4.8,3.5,31.6,14.7,5.9,4.3,4.5,2.2,1.5,0.8,0.8,1.9
E12000004,100.0,69.3,61.8,14.4,38.8,8.7,4.2,3.3,30.7,15.0,5.8,4.0,4.1,1.9,1.2,0.8,0.6,1.6
E12000005,100.0,68.3,59.9,14.0,37.4,8.5,5.1,3.3,31.7,14.4,5.9,4.6,4.4,2.4,1.5,0.9,0.9,2.1
E12000006,100.0,71.6,64.8,14.3,40.0,10.5,3.8,3.0,28.4,14.4,4.6,4.5,3.1,1.8,1.1,0.8,0.5,1.5
E12000007,100.0,71.7,62.4,10.9,39.8,11.7,5.2,4.1,28.3,8.4,7.8,5.2,3.7,3.2,1.2,0.9,1.1,2.0
E12000008,100.0,72.1,65.3,13.8,40.4,11.0,3.4,3.3,27.9,13.7,5.2,4.4,2.9,1.8,0.9,0.7,0.4,1.3
E12000009,100.0,70.3,63.8,15.1,37.4,11.2,3.3,3.2,29.7,15.8,4.9,3.7,3.6,1.7,0.9,0.7,0.4,1.2
W92000004,100.0,65.8,58.2,13.9,35.6,8.6,4.3,3.3,34.2,16.1,6.0,3.8,6.3,2.0,1.4,0.7,0.7,1.7
S92000003,100.0,69.0,60.5,13.3,39.6,7.5,4.8,3.7,31.0,14.9,5.5,3.6,5.1,1.9,1.4,0.9,0.7,1.8
N92000002,100.0,66.2,57.6,13.1,35.6,8.9,5.0,3.7,33.8,12.9,6.2,4.4,7.3,2.9,1.4,0.8,0.8,2.2
E06000005,100.0,69.7,62.0,15.1,39.6,7.3,5.2,2.5,30.3,15.9,3.6,4.0,4.9,1.9,1.6,0.9,0.8,2.1
E06000047,100.0,64.4,57.3,13.2,37.5,6.6,4.4,2.7,35.6,17.1,6.2,3.7,6.5,2.2,1.5,0.8,0.8,1.8
E06000001,100.0,65.1,54.7,15.1,33.9,5.7,7.8,2.7,34.9,15.9,4.6,4.9,7.1,2.4,2.4,1.3,1.5,3.1
E06000002,100.0,63.2,51.3,15.0,31.1,5.1,7.6,4.4,36.8,13.8,7.4,5.5,6.8,3.2,2.3,1.3,1.7,3.1
E06000057,100.0,67.9,61.2,14.7,37.0,9.5,4.4,2.2,32.1,18.8,3.5,3.6,4.4,1.8,1.3,0.9,0.7,1.7
E06000003,100.0,64.1,55.0,15.4,33.6,5.9,6.6,2.5,35.9,19.4,4.2,4.4,5.9,2.1,2.1,1.2,1.2,2.7
E06000004,100.0,68.4,59.7,15.7,37.6,6.4,5.7,3.0,31.6,14.8,5.2,4.2,4.9,2.5,1.7,1.0,1.0,2.4
E08000037,100.0,67.7,60.0,14.2,39.8,5.9,5.0,2.7,32.3,15.9,4.6,3.8,6.0,2.0,1.5,0.8,0.8,2.0
E08000021,100.0,62.9,51.1,12.1,32.8,6.2,5.0,6.8,37.1,11.5,13.7,4.2,5.4,2.3,1.4,0.8,1.1,1.9
E08000022,100.0,70.5,62.7,14.8,41.5,6.5,4.9,2.8,29.5,15.9,3.6,3.4,5.0,1.6,1.3,1.0,0.7,2.0
E08000023,100.0,66.7,57.1,14.2,37.5,5.5,6.6,3.0,33.3,15.9,4.2,4.3,6.6,2.2,1.9,1.3,1.1,2.6
E08000024,100.0,65.9,56.7,14.2,36.9,5.6,5.8,3.4,34.1,15.7,5.2,4.2,6.9,2.1,1.9,1.0,1.1,2.3
E06000008,100.0,64.2,55.7,13.9,34.1,7.7,5.3,3.2,35.8,12.7,5.8,6.8,7.1,3.5,1.6,0.8,1.0,2.1
E06000009,100.0,66.0,56.9,14.3,33.0,9.6,6.1,3.1,34.0,16.2,3.7,3.8,7.9,2.4,1.8,1.0,0.8,2.5
E06000049,100.0,70.6,64.5,14.4,39.4,10.7,3.2,2.8,29.4,17.1,4.2,3.5,3.1,1.5,0.8,0.8,0.4,1.3
E06000050,100.0,70.2,63.2,14.9,39.3,9.0,3.7,3.3,29.8,16.4,4.4,3.5,3.9,1.5,1.0,0.8,0.4,1.4
E06000006,100.0,68.4,60.1,14.1,40.1,5.8,5.6,2.7,31.6,14.4,4.2,4.2,7.0,1.9,1.8,0.9,0.9,2.1
E06000007,100.0,72.1,65.1,14.6,42.7,7.8,4.0,3.0,27.9,14.8,3.6,3.3,4.1,2.1,1.2,0.8,0.4,1.5
E07000026,100.0,68.9,63.2,16.4,36.5,10.3,3.6,2.1,31.1,18.9,3.0,3.2,4.5,1.5,1.1,0.7,0.5,1.4
E07000027,100.0,66.3,59.4,16.6,36.6,6.2,4.6,2.3,33.7,17.9,3.2,3.5,7.3,1.7,1.5,0.8,0.7,1.7
E07000028,100.0,71.9,65.1,16.7,39.2,9.2,3.6,3.3,28.1,15.5,3.5,2.9,4.7,1.5,1.1,0.6,0.4,1.4
E07000029,100.0,67.0,61.1,15.1,38.9,7.0,4.2,1.7,33.0,18.3,3.0,3.6,5.4,2.5,1.4,0.8,0.8,1.5
E07000030,100.0,73.4,68.5,16.0,35.2,17.3,2.1,2.7,26.6,17.6,2.8,2.4,2.8,1.1,0.7,0.6,0.2,0.7
E07000031,100.0,70.4,65.9,15.8,35.4,14.6,2.0,2.5,29.6,20.4,3.0,2.3,2.6,1.2,0.5,0.6,0.1,0.7
E08000001,100.0,67.2,59.2,13.8,37.2,8.1,4.9,3.1,32.8,14.7,5.1,4.7,5.8,2.4,1.5,0.8,0.9,2.0
E08000002,100.0,70.3,63.3,14.2,40.1,9.1,4.3,2.7,29.7,14.5,4.5,3.8,4.9,1.9,1.4,0.7,0.7,1.6
E08000003,100.0,63.5,50.7,10.8,33.7,6.2,5.7,7.1,36.5,7.6,14.1,4.9,6.6,3.3,1.5,0.7,1.2,2.2
E08000004,100.0,66.6,58.2,13.9,36.6,7.8,5.4,3.0,33.4,14.0,5.1,5.7,5.8,2.9,1.7,0.8,1.0,2.0
E08000005,100.0,66.1,57.5,13.2,36.4,7.9,5.9,2.7,33.9,13.7,5.3,5.1,6.8,3.0,1.8,0.9,1.1,2.3
E08000006,100.0,68.2,58.4,12.5,39.3,6.6,5.2,4.7,31.8,12.1,5.8,4.1,6.9,2.9,1.5,0.8,0.9,2.1
E08000007,100.0,71.3,64.6,14.6,40.5,9.6,3.9,2.7,28.7,15.3,4.2,3.5,4.2,1.6,1.1,0.8,0.5,1.5
E08000008,100.0,68.8,61.3,13.2,40.6,7.4,5.0,2.5,31.2,14.7,4.3,4.0,6.2,2.2,1.6,0.8,0.8,2.0
E08000009,100.0,72.5,65.6,14.0,41.9,9.7,3.8,3.1,27.5,13.3,4.4,3.9,4.0,1.8,1.0,0.7,0.5,1.5
E08000010,100.0,68.8,61.3,13.9,40.0,7.4,4.9,2.7,31.2,16.2,3.5,3.5,6.2,1.8,1.5,0.8,0.7,2.0
E07000117,100.0,66.1,58.2,14.4,36.6,7.2,5.3,2.6,33.9,15.4,4.3,4.5,7.0,2.7,1.7,0.9,0.8,2.1
E07000118,100.0,70.8,65.1,14.4,41.5,9.1,3.2,2.6,29.2,16.1,3.2,2.9,4.1,2.8,1.0,0.6,0.4,1.2
E07000119,100.0,66.8,61.0,13.5,37.1,10.4,3.1,2.7,33.2,20.6,3.3,3.1,4.0,2.2,0.9,0.7,0.3,1.2
E07000120,100.0,67.0,59.4,13.5,37.7,8.1,4.6,3.0,33.0,15.1,4.3,4.5,6.7,2.4,1.7,0.7,0.7,1.7
E07000121,100.0,65.1,56.6,14.4,33.7,8.6,3.3,5.2,34.9,15.2,10.9,2.8,4.3,1.7,1.0,0.7,0.5,1.3
E07000122,100.0,66.4,58.9,14.0,36.0,8.9,4.7,2.8,33.6,15.1,4.1,5.7,6.1,2.6,1.5,0.7,0.8,1.9
E07000123,100.0,67.7,57.0,13.6,36.7,6.7,4.4,6.3,32.3,11.7,8.2,4.4,5.4,2.6,1.3,0.6,0.7,1.8
E07000124,100.0,71.9,66.9,14.6,39.0,13.3,2.1,2.9,28.1,18.0,3.6,2.4,2.7,1.4,0.5,0.6,0.2,0.7
E07000125,100.0,70.3,63.6,13.6,40.1,10.0,4.2,2.5,29.7,14.7,4.3,3.6,5.4,1.7,1.3,0.8,0.6,1.7
E07000126,100.0,72.8,66.9,14.9,43.7,8.3,3.0,2.9,27.2,16.5,3.3,2.7,3.5,1.2,1.0,0.6,0.3,1.0
E07000127,100.0,68.2,60.0,14.1,36.3,9.6,3.9,4.3,31.8,17.0,5.7,3.3,4.3,1.4,1.2,0.8,0.5,1.6
E07000128,100.0,66.2,60.0,14.5,34.7,10.8,3.2,3.1,33.8,21.2,3.9,2.9,4.4,1.3,1.0,0.7,0.3,1.2
E08000011,100.0,65.6,56.0,14.3,35.9,5.9,6.5,3.0,34.4,13.6,4.8,4.5,8.8,2.7,1.9,1.1,1.3,2.7
E08000012,100.0,63.4,51.1,12.6,32.7,5.8,6.7,5.6,36.6,11.5,10.3,3.8,8.0,3.0,1.8,1.0,1.3,2.8
E08000014,100.0,67.1,59.1,15.0,35.8,8.2,4.9,3.1,32.9,17.3,4.4,3.4,5.9,1.9,1.4,1.0,0.7,2.0
E08000013,100.0,66.5,58.8,14.0,38.6,6.2,5.1,2.6,33.5,17.1,4.1,3.8,6.7,1.9,1.6,0.8,0.9,2.1
E08000015,100.0,66.4,58.7,15.0,36.3,7.5,5.2,2.5,33.6,16.8,4.5,3.9,6.4,2.0,1.6,1.0,0.9,2.1
E06000011,100.0,68.8,62.5,15.4,37.0,10.1,3.6,2.7,31.2,19.5,3.7,3.2,3.1,1.7,1.0,0.8,0.4,1.4
E06000010,100.0,67.2,55.6,14.7,35.7,5.1,8.0,3.6,32.8,12.1,6.9,5.0,6.0,2.7,2.3,1.2,1.4,3.7
E06000012,100.0,68.4,59.2,16.5,36.3,6.5,6.5,2.7,31.6,15.6,4.2,4.9,4.8,2.2,2.0,1.1,1.0,2.7
E06000013,100.0,69.2,62.1,15.3,39.5,7.3,4.8,2.4,30.8,16.6,3.7,4.4,4.2,1.8,1.4,0.9,0.8,1.9
E06000014,100.0,70.1,61.3,15.0,38.1,8.2,3.1,5.7,29.9,13.8,9.6,2.7,2.5,1.3,0.9,0.6,0.3,1.1
E07000163,100.0,71.8,66.7,15.3,36.3,15.0,2.5,2.6,28.2,18.8,3.2,2.6,2.4,1.2,0.7,0.6,0.2,1.0
E07000164,100.0,72.1,67.4,15.1,38.9,13.4,2.6,2.2,27.9,18.1,3.0,3.1,2.3,1.4,0.7,0.6,0.3,0.8
E07000165,100.0,74.2,69.0,14.9,40.8,13.3,2.6,2.6,25.8,15.5,3.3,3.4,2.3,1.3,0.6,0.6,0.2,0.9
E07000166,100.0,75.1,70.3,13.5,44.3,12.5,2.9,1.9,24.9,14.9,2.4,3.6,2.2,1.8,0.9,0.6,0.3,1.0
E07000167,100.0,70.9,66.0,15.4,34.0,16.6,2.7,2.2,29.1,18.6,3.4,3.1,2.5,1.4,0.8,0.7,0.3,1.0
E07000168,100.0,65.8,58.5,16.2,30.7,11.7,4.2,3.0,34.2,20.3,4.0,3.5,4.7,1.8,1.2,0.9,0.4,1.7
E07000169,100.0,73.9,67.9,15.0,42.5,10.3,3.5,2.5,26.1,15.7,3.0,3.5,2.6,1.2,1.0,0.7,0.4,1.3
E08000016,100.0,66.5,59.1,14.6,36.9,7.7,5.1,2.2,33.5,16.4,3.7,4.4,7.0,2.1,1.7,0.8,1.0,2.1
E08000017,100.0,66.9,59.0,15.0,36.7,7.3,5.7,2.2,33.1,15.4,4.0,4.9,5.9,3.0,1.9,0.9,1.0,2.2
E08000018,100.0,67.0,59.4,15.3,36.6,7.4,5.2,2.3,33.0,16.6,3.9,4.7,5.6,2.2,1.7,0.9,1.0,2.1
E08000019,100.0,65.8,55.4,13.8,34.3,7.3,4.8,5.5,34.2,12.9,10.8,4.1,4.5,2.1,1.4,0.8,1.0,1.9
E08000032,100.0,66.6,57.3,14.4,34.3,8.6,5.8,3.4,33.4,12.0,6.4,6.7,5.0,3.4,1.7,0.9,1.4,2.3
E08000033,100.0,70.5,62.9,14.7,38.7,9.5,5.0,2.6,29.5,15.1,4.1,3.9,4.4,2.0,1.4,1.0,0.7,2.0
E08000034,100.0,68.2,60.0,14.5,36.5,9.0,4.7,3.5,31.8,14.3,5.7,5.0,4.4,2.4,1.4,0.8,0.9,1.9
E08000035,100.0,69.5,59.4,13.1,38.8,7.5,4.8,5.3,30.5,12.4,8.2,3.6,4.0,2.2,1.4,0.8,0.9,1.9
E08000036,100.0,68.4,61.4,14.8,39.7,6.9,4.9,2.1,31.6,16.1,3.5,4.0,5.8,2.2,1.6,0.8,0.8,1.9
E06000015,100.0,69.0,59.6,14.7,38.5,6.5,5.2,4.2,31.0,12.8,6.3,4.8,4.8,2.4,1.7,0.7,1.0,2.0
E06000016,100.0,64.6,52.9,13.8,33.3,5.8,6.2,5.5,35.4,9.3,11.4,6.2,5.1,3.4,1.6,1.0,1.3,2.5
E06000018,100.0,61.3,48.6,11.9,31.1,5.6,6.4,6.3,38.7,9.1,16.3,4.7,5.7,3.0,1.9,0.9,1.2,2.5
E06000017,100.0,69.3,64.7,14.2,38.1,12.4,2.4,2.2,30.7,16.9,5.8,3.2,1.7,3.0,0.6,0.7,0.3,0.9
E07000032,100.0,69.9,63.8,14.8,40.0,9.0,3.9,2.2,30.1,17.4,3.4,3.8,4.1,1.5,1.2,0.7,0.5,1.6
E07000033,100.0,66.9,60.0,14.3,38.5,7.2,4.7,2.2,33.1,16.9,3.5,4.4,6.5,1.8,1.6,0.7,0.8,1.9
E07000034,100.0,67.9,60.9,16.1,37.4,7.4,4.7,2.4,32.1,16.9,3.6,3.8,6.0,1.8,1.5,0.8,0.7,1.9
E07000035,100.0,70.3,65.4,15.9,34.9,14.6,2.7,2.2,29.7,19.1,3.3,3.0,2.5,1.8,0.7,0.7,0.3,1.1
E07000036,100.0,71.5,64.5,15.1,41.5,8.0,4.5,2.4,28.5,15.6,3.6,3.8,4.0,1.6,1.5,0.9,0.6,1.9
E07000037,100.0,72.1,65.5,15.3,39.1,11.1,3.8,2.7,27.9,15.7,4.3,3.0,3.7,1.3,1.1,0.8,0.5,1.5
E07000038,100.0,68.0,62.0,15.9,36.9,9.3,3.7,2.3,32.0,19.3,3.4,3.5,4.5,1.4,1.1,0.8,0.6,1.4
E07000039,100.0,72.5,66.8,14.8,42.8,9.2,3.1,2.6,27.5,14.8,3.6,4.0,3.5,1.6,1.0,0.6,0.3,1.2
E07000129,100.0,73.9,68.1,15.7,42.6,9.9,2.9,2.9,26.1,15.6,3.6,2.8,2.3,1.8,0.9,0.6,0.3,1.0
E07000130,100.0,67.7,60.2,13.8,38.1,8.4,3.1,4.4,32.3,13.7,11.4,3.1,2.8,1.3,0.9,0.6,0.4,1.2
E07000131,100.0,74.0,69.0,15.2,40.9,12.9,2.5,2.5,26.0,15.5,3.9,3.0,2.0,1.7,0.6,0.6,0.3,0.8
E07000132,100.0,72.7,67.2,14.7,42.6,10.0,3.1,2.4,27.3,16.6,3.4,3.2,2.8,1.2,0.9,0.7,0.4,1.2
E07000133,100.0,74.2,68.6,15.3,41.9,11.5,2.9,2.7,25.8,15.8,3.3,3.4,2.1,1.2,0.8,0.6,0.3,1.0
E07000134,100.0,71.5,65.6,14.4,42.0,9.3,3.4,2.4,28.5,16.1,3.8,3.8,3.4,1.4,1.0,0.7,0.4,1.4
E07000135,100.0,68.9,61.8,15.1,38.2,8.6,3.2,3.9,31.1,15.0,8.7,3.2,2.7,1.5,0.9,0.6,0.5,1.3
E07000136,100.0,69.8,63.6,15.8,39.5,8.3,4.2,2.1,30.2,16.6,3.1,3.9,4.4,2.3,1.3,0.8,0.6,1.7
E07000137,100.0,60.8,54.9,14.3,29.8,10.9,4.0,1.9,39.2,24.1,3.2,4.4,5.8,1.8,1.3,0.9,0.5,1.5
E07000138,100.0,69.2,57.3,13.9,37.0,6.4,4.9,7.0,30.8,11.2,8.8,4.0,4.6,2.2,1.6,0.8,0.8,2.0
E07000139,100.0,70.0,64.8,14.5,40.8,9.4,2.9,2.4,30.0,18.9,3.2,3.7,2.9,1.1,0.9,0.7,0.3,1.0
E07000140,100.0,69.3,63.4,13.2,40.2,10.0,4.0,1.9,30.7,18.6,2.9,4.0,3.6,1.6,1.1,0.9,0.4,1.6
E07000141,100.0,72.2,66.3,15.0,41.2,10.1,3.3,2.6,27.8,16.5,3.2,3.7,2.9,1.5,0.9,0.7,0.4,1.3
E07000142,100.0,68.3,62.2,15.0,36.9,10.2,3.8,2.3,31.7,18.9,3.6,4.0,3.8,1.4,1.2,0.8,0.5,1.5
E07000150,100.0,73.6,65.9,13.6,46.4,5.9,4.9,2.8,26.4,12.4,3.3,3.9,5.0,1.8,1.5,0.8,0.5,1.6
E07000151,100.0,72.4,66.7,13.8,41.2,11.8,3.0,2.6,27.6,15.3,3.4,3.6,2.5,2.7,0.8,0.8,0.3,1.1
E07000152,100.0,72.7,67.0,13.7,42.8,10.5,3.4,2.3,27.3,15.2,4.0,4.0,2.9,1.3,1.0,0.8,0.4,1.2
E07000153,100.0,73.6,67.0,14.7,43.1,9.2,4.0,2.6,26.4,14.3,3.1,3.9,3.5,1.6,1.2,0.8,0.5,1.5
E07000154,100.0,74.2,65.4,13.5,43.9,8.0,4.6,4.1,25.8,11.2,5.1,3.9,3.7,1.9,1.2,0.8,0.6,1.9
E07000155,100.0,76.1,71.1,14.4,43.4,13.3,2.4,2.7,23.9,14.7,3.0,3.4,1.7,1.1,0.6,0.7,0.2,0.8
E07000156,100.0,71.6,64.3,13.6,42.6,8.1,4.7,2.6,28.4,14.7,3.4,4.3,3.8,2.2,1.3,1.0,0.6,1.8
E07000170,100.0,68.1,61.3,14.7,39.5,7.0,4.7,2.2,31.9,16.5,3.3,4.5,5.6,1.9,1.6,0.8,0.8,1.9
E07000171,100.0,67.9,61.6,15.3,37.9,8.3,4.0,2.4,32.1,17.1,3.5,3.8,5.1,2.7,1.3,0.7,0.6,1.5
E07000172,100.0,69.7,62.9,14.5,40.7,7.7,3.9,2.9,30.3,16.5,5.6,3.3,3.5,1.4,1.1,0.8,0.5,1.5
E07000173,100.0,71.4,64.7,15.5,39.8,9.3,4.1,2.7,28.6,16.5,3.6,3.3,3.6,1.5,1.3,0.8,0.6,1.5
E07000174,100.0,67.9,60.9,15.1,38.7,7.1,4.6,2.4,32.1,15.7,3.4,4.5,6.5,2.0,1.5,0.7,0.8,1.8
E07000175,100.0,68.9,62.8,15.1,38.0,9.8,3.6,2.5,31.1,17.1,3.8,4.1,4.3,2.0,1.1,0.7,0.5,1.3
E07000176,100.0,71.9,65.8,14.6,40.5,10.8,2.8,3.3,28.1,15.9,5.5,3.0,2.2,1.5,0.7,0.6,0.3,1.0
E06000019,100.0,71.3,65.6,15.2,36.0,14.4,3.3,2.4,28.7,16.6,3.6,3.5,3.4,1.6,1.0,0.7,0.4,1.2
E06000051,100.0,71.0,65.4,15.5,37.1,12.7,3.3,2.3,29.0,16.9,3.9,3.4,3.2,1.6,1.0,0.7,0.4,1.3
E06000021,100.0,65.5,56.5,13.5,36.7,6.3,5.3,3.7,34.5,14.3,5.6,4.7,7.2,2.7,1.6,0.8,0.9,2.1
E06000020,100.0,69.5,61.9,13.5,41.4,7.0,4.7,2.8,30.5,13.7,5.1,4.8,4.9,2.0,1.5,0.7,0.7,1.9
E07000192,100.0,71.0,63.8,15.2,39.9,8.7,4.6,2.6,29.0,14.9,3.6,4.2,4.7,1.7,1.5,0.8,0.7,1.9
E07000193,100.0,70.5,64.0,14.6,40.7,8.6,3.8,2.7,29.5,15.0,3.7,4.4,3.7,2.5,1.2,0.7,0.5,1.4
E07000194,100.0,69.4,63.6,14.6,38.6,10.4,3.4,2.4,30.6,18.6,3.7,3.5,3.0,1.8,1.0,0.8,0.4,1.3
E07000195,100.0,66.7,59.1,13.8,37.8,7.6,3.7,3.9,33.3,16.1,7.6,3.2,4.7,1.7,1.1,0.7,0.5,1.4
E07000196,100.0,69.9,64.0,15.1,38.4,10.5,3.3,2.6,30.1,18.3,3.9,3.2,2.8,2.0,1.0,0.8,0.4,1.3
E07000197,100.0,70.2,63.6,14.5,40.0,9.1,3.1,3.4,29.8,16.7,5.1,3.0,3.1,2.0,0.9,0.7,0.4,1.2
E07000198,100.0,69.3,64.0,14.6,38.1,11.3,2.8,2.5,30.7,19.1,3.3,2.9,4.1,1.3,0.8,0.6,0.3,1.0
E07000199,100.0,72.5,65.3,15.1,43.1,7.1,4.5,2.7,27.5,14.3,3.5,4.2,4.1,1.4,1.3,0.9,0.5,1.8
E07000218,100.0,71.8,65.9,14.6,41.1,10.2,3.6,2.3,28.2,16.5,3.3,3.3,3.5,1.5,1.1,0.8,0.4,1.4
E07000219,100.0,70.8,63.3,14.8,41.7,6.8,4.7,2.7,29.2,15.6,3.6,3.9,4.4,1.7,1.5,0.8,0.7,1.9
E07000220,100.0,73.5,67.4,13.9,44.6,8.9,3.6,2.5,26.5,14.7,3.9,3.5,2.8,1.5,1.0,0.7,0.4,1.3
E07000221,100.0,72.1,67.1,14.4,38.5,14.1,2.5,2.6,27.9,17.3,3.4,3.5,2.3,1.4,0.6,0.7,0.2,0.9
E07000222,100.0,71.3,64.7,13.1,41.9,9.8,3.0,3.5,28.7,12.9,9.0,2.9,2.6,1.3,0.7,0.7,0.3,1.1
E08000025,100.0,64.2,52.7,12.7,33.1,6.9,7.1,4.4,35.8,10.7,9.7,6.4,5.3,3.7,2.0,1.1,1.8,2.9
E08000026,100.0,66.3,55.5,12.9,36.5,6.2,5.4,5.4,33.7,12.0,10.4,4.3,4.5,2.4,1.5,0.8,1.0,2.1
E08000027,100.0,68.6,60.7,15.0,38.2,7.5,5.3,2.5,31.4,16.2,4.3,4.6,4.4,2.0,1.5,1.0,0.9,2.4
E08000028,100.0,66.8,56.6,13.6,37.1,6.0,7.3,2.9,33.2,13.0,5.3,5.9,5.8,3.2,2.1,1.2,1.6,3.2
E08000029,100.0,70.8,63.8,14.6,39.9,9.2,4.2,2.8,29.2,16.2,4.4,3.7,3.3,1.5,1.4,0.8,0.7,1.7
E08000030,100.0,66.1,56.6,14.0,35.3,7.3,6.8,2.7,33.9,15.0,5.0,5.8,5.2,2.9,2.1,1.1,1.4,3.0
E08000031,100.0,66.9,55.4,13.5,35.5,6.3,7.8,3.6,33.1,13.2,6.1,5.3,5.4,3.1,2.2,1.2,1.6,3.5
E07000234,100.0,71.8,66.2,15.3,39.4,11.5,3.1,2.5,28.2,16.3,4.2,2.8,2.5,2.4,0.9,0.7,0.4,1.1
E07000235,100.0,67.8,62.3,14.4,33.7,14.2,3.2,2.3,32.2,19.2,4.8,3.5,3.2,1.5,0.9,0.9,0.4,1.2
E07000236,100.0,73.9,66.3,14.4,43.8,8.1,4.6,3.0,26.1,13.0,3.8,3.9,3.8,1.6,1.3,1.0,0.5,1.8
E07000237,100.0,73.5,64.8,15.0,41.9,7.8,4.2,4.6,26.5,12.2,5.5,3.7,3.4,1.7,1.2,0.8,0.5,1.7
E07000238,100.0,71.7,66.0,15.0,38.4,12.6,3.1,2.5,28.3,17.4,3.3,3.4,2.7,1.6,0.8,0.8,0.3,1.2
E07000239,100.0,68.7,62.3,15.2,37.4,9.7,4.2,2.2,31.3,18.5,3.3,3.6,4.1,1.7,1.2,0.9,0.6,1.8
E06000055,100.0,71.9,63.8,13.9,40.4,9.5,4.4,3.6,28.1,12.8,5.5,4.3,3.3,2.3,1.2,0.9,0.6,1.7
E06000056,100.0,74.7,68.5,14.0,43.6,11.0,3.5,2.8,25.3,13.5,4.2,3.9,2.4,1.3,0.9,0.8,0.4,1.3
E06000032,100.0,69.1,57.8,12.7,36.7,8.4,5.7,5.5,30.9,9.9,7.4,6.7,3.8,3.3,1.4,0.9,1.1,2.2
E06000031,100.0,72.3,64.5,14.1,42.9,7.6,5.1,2.7,27.7,11.6,3.9,5.5,4.1,2.6,1.5,0.8,0.9,1.9
E06000033,100.0,70.7,63.0,14.4,38.4,10.2,5.0,2.7,29.3,14.1,3.8,5.0,4.2,2.1,1.3,1.0,0.6,2.1
E06000034,100.0,74.0,65.9,14.3,42.6,8.9,5.4,2.7,26.0,11.7,3.5,5.2,3.5,2.1,1.5,0.9,0.8,2.2
E07000008,100.0,64.0,55.6,10.2,38.0,7.4,2.7,5.7,36.0,7.1,21.8,3.0,2.5,1.6,0.7,0.4,0.3,1.1
E07000009,100.0,75.6,70.4,14.5,44.0,11.9,2.9,2.3,24.4,13.5,2.9,4.2,2.4,1.3,0.8,0.7,0.3,1.1
E07000010,100.0,69.1,62.7,14.0,39.4,9.3,4.2,2.1,30.9,17.1,3.1,4.3,4.5,2.0,1.3,0.8,0.6,1.8
E07000011,100.0,74.6,68.8,14.2,45.1,9.5,3.2,2.6,25.4,14.1,3.2,3.8,2.5,1.9,0.9,0.7,0.3,1.2
E07000012,100.0,76.2,71.1,14.5,45.0,11.6,2.3,2.8,23.8,13.0,4.0,3.6,2.0,1.3,0.6,0.6,0.2,0.8
E07000066,100.0,71.2,64.1,14.2,40.3,9.6,4.6,2.4,28.8,13.9,3.4,5.7,3.9,1.8,1.3,0.9,0.6,2.0
E07000067,100.0,73.8,67.5,14.8,41.1,11.6,3.8,2.5,26.2,14.1,3.0,4.6,3.1,1.5,1.0,0.8,0.4,1.6
E07000068,100.0,72.0,66.6,13.5,40.9,12.2,3.1,2.3,28.0,14.9,4.4,4.8,2.3,1.5,0.8,0.7,0.4,1.2
E07000069,100.0,68.2,62.2,14.7,36.4,11.1,3.5,2.4,31.8,19.4,2.9,4.8,3.2,1.6,1.1,0.8,0.5,1.4
E07000070,100.0,73.8,67.4,14.7,42.4,10.3,3.4,3.0,26.2,14.1,3.9,4.2,2.3,1.6,0.9,0.8,0.4,1.3
E07000071,100.0,71.1,63.2,14.4,39.3,9.5,3.5,4.4,28.9,13.1,7.0,4.1,3.2,1.5,1.0,0.6,0.4,1.4
E07000072,100.0,72.1,66.1,13.3,38.3,14.6,3.6,2.3,27.9,14.1,4.5,4.9,2.6,1.9,1.0,0.7,0.5,1.4
E07000073,100.0,74.7,66.5,14.7,43.1,8.7,5.2,3.1,25.3,11.3,3.6,4.7,3.7,1.9,1.3,1.1,0.6,2.3
E07000074,100.0,70.2,65.0,14.6,36.9,13.5,3.0,2.1,29.8,17.9,3.0,4.7,2.8,1.4,0.9,0.8,0.4,1.2
E07000075,100.0,70.8,65.4,15.2,39.0,11.2,3.0,2.4,29.2,17.7,3.1,4.6,2.3,1.5,0.9,0.7,0.3,1.2
E07000076,100.0,61.7,54.9,14.6,30.2,10.1,4.7,2.2,38.3,23.1,3.3,4.6,5.3,2.0,1.4,1.0,0.7,2.0
E07000077,100.0,74.4,69.4,14.5,40.1,14.7,2.7,2.4,25.6,13.5,4.2,4.9,1.8,1.4,0.6,0.7,0.2,1.0
E07000095,100.0,73.1,66.2,14.5,40.1,11.7,4.2,2.7,26.9,13.2,4.3,4.8,2.8,1.8,1.1,0.8,0.6,1.7
E07000096,100.0,74.5,68.0,13.8,42.5,11.7,3.7,2.8,25.5,12.4,3.8,4.5,2.7,2.1,1.0,0.8,0.4,1.4
E07000242,100.0,75.4,70.1,14.1,43.7,12.3,2.8,2.4,24.6,12.5,4.4,4.4,2.1,1.3,0.7,0.7,0.3,1.0
E07000098,100.0,73.3,66.8,13.5,39.4,14.0,3.7,2.8,26.7,11.2,6.1,4.7,2.8,1.8,0.9,0.8,0.5,1.4
E07000099,100.0,74.9,68.8,14.0,43.9,11.0,3.4,2.7,25.1,13.3,3.7,4.3,2.4,1.3,0.9,0.8,0.4,1.4
E07000240,100.0,74.7,69.1,13.5,43.1,12.6,2.7,2.8,25.3,12.3,4.6,4.8,2.1,1.5,0.6,0.6,0.3,1.0
E07000243,100.0,75.7,67.3,14.3,44.4,8.6,4.8,3.6,24.3,11.1,3.7,4.6,3.3,1.7,1.3,0.9,0.6,1.9
E07000102,100.0,74.1,68.3,13.5,41.2,13.7,3.2,2.6,25.9,12.8,4.5,4.7,2.3,1.7,0.9,0.7,0.4,1.2
E07000103,100.0,76.6,69.1,12.7,46.0,10.4,4.1,3.4,23.4,9.4,4.6,4.6,2.7,2.1,1.0,0.7,0.6,1.5
E07000241,100.0,70.0,59.9,12.2,38.4,9.3,3.3,6.7,30.0,10.9,11.0,4.0,2.6,1.5,0.9,0.7,0.3,1.3
E07000143,100.0,69.1,63.3,14.6,38.6,10.1,3.5,2.2,30.9,18.0,3.0,4.2,3.5,2.2,1.1,0.7,0.4,1.3
E07000144,100.0,71.1,66.0,16.7,37.8,11.4,2.6,2.6,28.9,18.6,2.8,3.5,2.8,1.2,0.8,0.6,0.3,0.9
E07000145,100.0,65.5,57.0,16.3,32.4,8.3,6.1,2.4,34.5,18.3,3.6,4.9,5.3,2.3,1.9,1.2,0.8,2.4
E07000146,100.0,67.3,61.4,14.6,36.5,10.3,3.7,2.2,32.7,19.6,3.1,4.3,4.1,1.7,1.1,0.8,0.5,1.5
E07000147,100.0,63.2,58.2,14.6,30.2,13.3,3.3,1.8,36.8,23.8,2.8,4.0,3.9,2.2,1.0,0.9,0.3,1.3
E07000148,100.0,68.3,57.8,13.4,37.2,7.2,5.0,5.4,31.7,10.7,9.5,4.3,4.9,2.2,1.5,0.7,0.7,2.0
E07000149,100.0,70.7,65.5,15.7,37.6,12.2,2.7,2.5,29.3,18.2,3.2,3.9,2.8,1.3,0.8,0.7,0.3,1.0
E07000200,100.0,70.3,65.1,15.2,37.2,12.7,3.0,2.3,29.7,18.2,3.4,4.2,2.5,1.4,0.8,0.7,0.3,1.2
E07000201,100.0,75.2,69.7,13.0,47.5,9.2,3.2,2.2,24.8,12.3,2.7,4.7,2.6,2.5,0.9,0.7,0.4,1.2
E07000202,100.0,73.5,65.0,16.5,41.2,7.3,5.4,3.1,26.5,11.6,3.8,4.8,4.2,2.1,1.7,0.8,0.8,2.2
E07000203,100.0,72.2,67.2,15.7,38.5,13.0,2.6,2.5,27.8,17.4,2.9,4.0,2.2,1.3,0.7,0.6,0.3,0.9
E07000204,100.0,73.3,67.6,15.3,42.5,9.8,3.0,2.6,26.7,15.4,3.1,3.4,2.6,2.3,1.0,0.6,0.4,1.1
E07000205,100.0,69.1,64.0,15.9,36.2,11.8,2.7,2.4,30.9,19.4,3.2,3.9,2.6,1.7,0.8,0.7,0.3,1.0
E07000206,100.0,65.3,58.3,16.4,32.7,9.1,4.5,2.5,34.7,20.3,3.1,4.6,4.6,2.2,1.4,1.0,0.6,1.6
E09000007,100.0,68.1,59.8,7.9,38.5,13.4,4.5,3.8,31.9,6.9,13.1,4.5,4.4,3.0,0.8,0.8,0.9,1.8
E09000001,100.0,78.8,73.6,5.7,51.5,16.4,3.0,2.3,21.2,9.2,5.8,2.4,1.8,2.0,0.5,0.7,0.4,1.0
E09000012,100.0,71.4,60.5,11.4,36.6,12.4,7.0,3.9,28.6,5.6,8.8,4.9,5.2,4.1,1.4,1.1,1.5,2.9
E09000013,100.0,74.0,65.7,7.6,45.8,12.3,4.9,3.5,26.0,6.3,8.2,4.6,3.9,3.0,0.9,0.8,0.9,1.9
E09000014,100.0,71.6,61.6,11.2,36.5,13.9,6.1,3.9,28.4,6.9,8.3,5.0,4.4,3.9,1.1,1.0,1.4,2.3
E09000019,100.0,71.1,62.0,8.2,42.3,11.4,5.4,3.8,28.9,6.2,10.0,4.0,5.3,3.4,1.2,0.9,1.1,2.2
E09000020,100.0,69.4,62.8,6.8,40.6,15.4,4.3,2.3,30.6,8.0,8.7,6.1,3.6,4.1,0.7,0.8,0.7,1.8
E09000022,100.0,77.1,67.2,9.5,46.5,11.3,6.0,3.8,22.9,5.6,6.8,3.5,3.8,3.3,1.2,1.0,1.1,2.4
E09000023,100.0,73.6,62.5,11.7,40.1,10.7,6.2,4.9,26.4,7.3,7.3,4.5,4.3,3.1,1.3,1.0,1.2,2.5
E09000025,100.0,67.2,51.9,11.5,30.9,9.5,6.9,8.4,32.8,5.8,10.9,7.2,4.2,4.7,1.6,0.9,2.0,2.5
E09000028,100.0,73.0,62.0,9.9,42.2,10.0,6.0,4.9,27.0,5.8,9.9,3.8,4.3,3.3,1.2,1.0,1.2,2.4
E09000030,100.0,69.8,57.6,9.6,39.7,8.3,6.7,5.5,30.2,4.7,9.9,7.0,4.5,4.0,1.8,0.9,1.8,2.5
E09000032,100.0,77.9,70.8,7.8,50.9,12.1,3.8,3.3,22.1,6.2,6.0,4.3,2.9,2.7,0.7,0.7,0.6,1.5
E09000033,100.0,68.6,61.3,7.2,41.5,12.6,4.5,2.8,31.4,6.8,10.2,5.4,4.8,4.1,0.8,0.8,0.9,1.8
E09000002,100.0,67.7,56.1,12.2,34.9,9.0,7.3,4.3,32.3,8.6,7.4,7.4,5.1,3.7,1.8,1.0,1.6,3.1
E09000003,100.0,71.4,63.4,11.8,36.1,15.6,4.4,3.5,28.6,8.9,8.2,5.5,3.1,3.0,1.0,0.8,0.8,1.7
E09000004,100.0,71.6,64.1,13.9,40.3,9.9,4.4,3.2,28.4,13.2,5.5,4.6,3.0,2.0,1.2,0.8,0.7,1.7
E09000005,100.0,70.2,59.7,11.0,35.8,12.8,5.8,4.7,29.8,8.0,8.5,5.6,3.9,3.9,1.2,1.0,1.4,2.1
E09000006,100.0,72.5,66.1,13.0,41.1,11.9,3.9,2.5,27.5,13.3,4.8,4.8,2.7,1.9,1.0,0.8,0.5,1.6
E09000008,100.0,72.3,63.0,12.6,40.2,10.3,5.5,3.8,27.7,9.9,6.3,5.0,3.5,2.8,1.4,1.0,1.0,2.2
E09000009,100.0,71.5,62.3,10.2,39.7,12.3,5.2,3.9,28.5,8.3,7.4,5.8,3.6,3.5,1.1,0.9,1.2,2.0
E09000010,100.0,68.4,58.7,13.0,34.5,11.2,5.9,3.8,31.6,9.8,7.7,6.0,4.1,3.9,1.4,0.9,1.4,2.3
E09000011,100.0,70.7,59.4,11.1,38.5,9.8,6.2,5.2,29.3,8.4,7.5,5.1,4.6,3.6,1.5,0.9,1.3,2.4
E09000015,100.0,70.6,62.4,12.3,37.5,12.7,4.5,3.7,29.4,10.4,7.7,5.5,2.9,2.9,1.0,0.9,0.9,1.7
E09000016,100.0,71.1,64.0,13.7,39.7,10.5,4.5,2.7,28.9,14.3,4.6,4.9,3.2,2.0,1.3,0.8,0.7,1.8
E09000017,100.0,70.8,61.6,11.9,40.4,9.3,4.3,4.8,29.2,10.2,8.4,5.2,2.9,2.5,1.0,0.8,0.8,1.8
E09000018,100.0,72.5,63.5,10.8,41.9,10.7,4.6,4.4,27.5,8.3,6.7,5.9,3.4,3.2,1.1,0.8,0.9,1.7
E09000021,100.0,73.0,64.4,11.4,41.4,11.7,3.2,5.3,27.0,9.4,8.6,4.7,2.2,2.1,0.7,0.7,0.4,1.2
E09000024,100.0,74.9,67.5,11.0,44.0,12.4,4.1,3.4,25.1,8.6,6.1,5.3,2.5,2.6,0.8,0.8,0.7,1.5
E09000026,100.0,69.0,59.6,12.0,35.9,11.7,5.3,4.1,31.0,9.5,8.1,6.6,3.3,3.4,1.2,0.9,1.2,2.1
E09000027,100.0,75.5,69.8,10.3,44.6,14.9,3.0,2.7,24.5,10.0,5.4,5.1,2.0,2.0,0.6,0.7,0.3,1.1
E09000029,100.0,75.0,68.1,13.3,43.3,11.4,3.9,3.0,25.0,11.1,4.7,4.5,2.8,1.9,1.0,0.7,0.5,1.6
E09000031,100.0,70.7,60.2,11.5,36.3,12.4,6.1,4.4,29.3,8.0,8.0,6.0,3.8,3.6,1.5,0.9,1.4,2.3
E06000036,100.0,78.4,72.2,13.3,49.0,9.8,3.4,2.8,21.6,10.2,3.6,4.2,2.1,1.5,0.9,0.8,0.3,1.3
E06000043,100.0,71.6,62.0,13.0,36.1,12.9,3.7,5.8,28.4,9.3,9.8,3.4,4.2,1.7,0.9,0.6,0.4,1.4
E06000046,100.0,64.4,57.8,15.8,30.4,11.6,4.4,2.2,35.6,20.5,3.7,3.9,4.5,3.0,1.3,0.9,0.4,1.8
E06000035,100.0,71.1,62.8,14.0,40.1,8.7,4.9,3.4,28.9,12.7,5.1,5.2,3.8,2.1,1.5,0.9,0.7,2.0
E06000042,100.0,75.9,68.0,13.0,46.3,8.7,4.8,3.1,24.1,10.3,3.9,4.6,3.2,2.1,1.1,0.9,0.5,1.9
E06000044,100.0,68.9,58.5,13.4,37.6,7.5,4.3,6.1,31.1,10.7,10.7,4.1,3.8,1.9,1.1,0.8,0.5,1.8
E06000038,100.0,73.9,64.4,11.9,44.6,7.9,4.6,5.0,26.1,8.6,8.0,4.6,2.8,2.2,1.1,0.8,0.7,1.9
E06000039,100.0,73.5,64.1,11.8,43.4,8.9,5.4,3.9,26.5,7.5,5.8,6.5,3.4,3.4,1.3,0.9,1.0,2.1
E06000045,100.0,68.4,57.7,12.7,37.8,7.2,4.2,6.5,31.6,9.9,11.6,4.1,4.1,2.0,1.2,0.7,0.6,1.6
E06000037,100.0,76.2,70.8,13.9,45.6,11.3,2.9,2.5,23.8,12.6,3.4,4.3,2.2,1.4,0.8,0.7,0.3,1.1
E06000040,100.0,74.5,69.0,12.2,44.4,12.4,3.2,2.3,25.5,12.8,4.4,4.8,1.8,1.7,0.8,0.7,0.3,1.2
E06000041,100.0,75.6,70.0,13.6,45.7,10.8,2.6,3.0,24.4,13.3,4.0,4.3,1.6,1.2,0.6,0.7,0.3,0.9
E07000004,100.0,75.1,69.4,14.0,43.2,12.3,3.1,2.7,24.9,12.4,4.1,4.2,2.2,1.9,0.8,0.7,0.3,1.1
E07000005,100.0,71.9,66.8,13.6,38.4,14.7,2.7,2.5,28.1,15.4,4.2,5.1,1.9,1.6,0.6,0.7,0.3,1.0
E07000006,100.0,72.3,67.3,11.8,41.1,14.3,2.7,2.4,27.7,14.5,4.5,5.1,1.8,1.8,0.7,0.7,0.3,0.9
E07000007,100.0,73.5,66.7,12.9,41.6,12.2,3.2,3.6,26.5,12.7,5.1,4.9,2.0,1.8,0.8,0.7,0.5,1.2
E07000061,100.0,68.0,60.1,14.8,35.0,10.3,4.1,3.8,32.0,16.8,5.2,3.8,4.5,1.8,1.1,0.9,0.4,1.7
E07000062,100.0,67.8,59.4,14.8,33.5,11.2,5.5,2.8,32.2,14.3,4.1,4.7,6.6,2.5,1.6,1.0,0.8,2.4
E07000063,100.0,69.6,63.6,15.3,34.3,13.9,3.3,2.7,30.4,17.6,3.7,3.9,3.5,1.8,1.0,0.8,0.4,1.3
E07000064,100.0,63.4,58.1,13.8,29.4,14.8,3.2,2.1,36.6,22.5,3.8,4.3,4.1,1.9,0.9,0.8,0.4,1.3
E07000065,100.0,70.1,65.0,14.8,34.4,15.7,2.5,2.6,29.9,18.0,3.4,4.3,2.7,1.5,0.7,0.7,0.3,0.9
E07000084,100.0,76.9,70.9,13.4,47.9,9.6,3.2,2.8,23.1,12.5,2.7,4.0,2.4,1.4,0.8,0.7,0.3,1.2
E07000085,100.0,73.0,67.8,14.3,40.2,13.3,2.6,2.6,27.0,15.3,3.9,4.3,2.3,1.3,0.7,0.7,0.3,0.9
E07000086,100.0,75.4,69.4,15.9,43.8,9.7,3.0,3.0,24.6,14.1,3.1,3.6,2.6,1.2,0.8,0.7,0.3,1.1
E07000087,100.0,72.7,66.9,15.2,42.4,9.3,2.6,3.2,27.3,17.3,3.4,3.2,2.2,1.2,0.8,0.7,0.2,0.9
E07000088,100.0,72.2,65.3,14.4,43.4,7.5,4.2,2.7,27.8,14.5,3.6,4.3,3.6,1.7,1.3,0.8,0.5,1.6
E07000089,100.0,75.5,70.5,13.9,45.3,11.3,2.4,2.6,24.5,14.3,3.3,4.4,1.3,1.2,0.6,0.6,0.2,0.8
E07000090,100.0,69.1,62.2,15.2,37.5,9.6,4.0,2.9,30.9,17.3,3.4,4.4,4.2,1.6,1.1,0.8,0.5,1.6
E07000091,100.0,69.5,64.3,15.8,36.5,12.0,2.6,2.6,30.5,19.7,2.7,3.8,2.8,1.4,0.7,0.7,0.3,1.0
E07000092,100.0,77.7,70.8,13.4,49.4,8.0,3.7,3.2,22.3,9.8,3.8,4.0,2.7,2.0,1.1,0.8,0.5,1.4
E07000093,100.0,73.4,68.3,14.7,42.8,10.7,2.5,2.6,26.6,15.5,3.4,4.0,2.4,1.3,0.7,0.6,0.2,0.9
E07000094,100.0,71.0,64.0,13.5,38.3,12.2,2.3,4.7,29.0,14.5,6.7,3.9,2.2,1.6,0.6,0.6,0.2,0.8
E07000105,100.0,72.6,65.9,14.6,39.4,11.9,3.6,3.1,27.4,14.4,3.3,4.9,3.1,1.7,1.0,0.8,0.4,1.3
E07000106,100.0,63.8,53.6,12.8,31.2,9.6,3.0,7.1,36.2,15.0,12.5,3.6,3.3,1.8,0.9,0.7,0.4,1.2
E07000107,100.0,75.5,68.3,13.9,44.6,9.8,4.4,2.8,24.5,11.9,3.5,4.4,3.0,1.8,1.3,0.8,0.6,1.7
E07000108,100.0,67.4,60.6,14.7,36.1,9.8,4.5,2.4,32.6,17.6,4.0,4.4,4.5,2.1,1.2,0.9,0.6,1.7
E07000109,100.0,70.9,63.0,14.4,39.1,9.5,5.1,2.8,29.1,13.5,4.2,5.3,3.8,2.3,1.5,0.9,0.9,2.0
E07000110,100.0,72.9,66.9,14.4,41.3,11.3,3.4,2.6,27.1,14.4,3.6,4.5,2.7,1.9,1.1,0.7,0.5,1.2
E07000111,100.0,71.5,66.4,14.0,38.8,13.6,2.8,2.2,28.5,15.3,4.1,5.4,2.2,1.6,0.7,0.8,0.3,1.1
E07000112,100.0,67.2,59.7,14.3,35.1,10.3,4.6,2.9,32.8,17.7,3.7,4.5,4.9,2.1,1.2,1.0,0.6,1.9
E07000113,100.0,68.9,62.0,14.0,38.1,9.8,4.6,2.3,31.1,15.1,3.7,5.2,4.4,2.7,1.5,0.9,0.8,1.8
E07000114,100.0,64.9,56.2,14.4,31.7,10.1,5.7,3.0,35.1,18.2,4.3,4.9,5.6,2.1,1.7,1.2,0.9,2.5
E07000115,100.0,72.9,67.2,14.7,41.3,11.3,3.0,2.7,27.1,14.5,4.0,4.7,2.5,1.4,0.9,0.6,0.4,1.1
E07000116,100.0,73.1,67.7,13.7,40.4,13.6,3.0,2.5,26.9,12.6,4.8,5.1,2.7,1.7,0.7,0.7,0.3,1.1
E07000177,100.0,75.7,70.3,14.6,45.3,10.3,2.8,2.6,24.3,12.3,3.4,3.8,2.5,2.3,0.8,0.6,0.3,1.0
E07000178,100.0,63.3,53.6,10.4,36.2,6.9,3.2,6.5,36.7,7.0,21.6,3.5,2.6,1.9,0.8,0.5,0.5,1.3
E07000179,100.0,75.2,70.4,14.0,43.3,13.0,2.5,2.2,24.8,13.9,3.5,4.0,1.9,1.6,0.7,0.6,0.3,0.9
E07000180,100.0,75.1,69.9,14.3,44.8,10.8,2.5,2.7,24.9,13.9,3.9,3.9,1.9,1.3,0.7,0.6,0.2,0.9
E07000181,100.0,76.8,72.1,14.3,45.4,12.4,2.3,2.4,23.2,13.7,3.0,3.4,1.8,1.2,0.7,0.5,0.2,0.8
E07000207,100.0,73.4,68.4,11.9,41.8,14.7,2.7,2.3,26.6,12.2,4.5,6.4,1.8,1.8,0.6,0.7,0.2,1.0
E07000208,100.0,73.6,67.3,13.7,41.9,11.7,2.7,3.5,26.4,13.4,5.1,4.2,2.1,1.6,0.7,0.6,0.3,1.0
E07000209,100.0,72.2,64.6,12.2,41.1,11.3,2.7,4.9,27.8,11.3,8.5,4.4,1.9,1.7,0.6,0.7,0.3,1.0
E07000210,100.0,72.7,67.7,13.9,39.2,14.7,2.5,2.4,27.3,15.7,3.8,4.4,2.1,1.4,0.7,0.6,0.3,0.9
E07000211,100.0,75.2,69.8,13.5,44.0,12.3,2.9,2.5,24.8,12.4,3.5,4.4,2.3,2.1,0.8,0.7,0.3,1.1
E07000212,100.0,71.6,64.1,12.1,41.3,10.7,2.7,4.8,28.4,11.9,9.2,3.9,1.9,1.5,0.7,0.7,0.3,1.1
E07000213,100.0,75.5,69.7,13.3,46.4,10.0,3.3,2.5,24.5,13.3,3.2,3.9,2.3,1.8,0.9,0.7,0.4,1.2
E07000214,100.0,75.1,69.5,13.6,44.2,11.8,2.8,2.9,24.9,13.5,3.5,4.4,1.7,1.8,0.8,0.7,0.3,1.0
E07000215,100.0,73.5,68.5,13.5,40.7,14.2,2.8,2.2,26.5,14.1,4.3,4.3,2.2,1.6,0.8,0.8,0.3,1.0
E07000216,100.0,72.0,66.7,13.6,38.6,14.5,2.4,2.9,28.0,14.3,5.1,4.9,2.1,1.5,0.6,0.7,0.2,0.9
E07000217,100.0,75.4,69.1,12.5,45.1,11.5,3.2,3.0,24.6,11.5,3.6,5.5,2.3,1.8,0.8,0.7,0.4,1.3
E07000223,100.0,70.8,64.9,16.0,37.5,11.4,3.3,2.5,29.2,16.8,3.3,3.9,3.6,1.5,1.0,0.8,0.4,1.3
E07000224,100.0,67.5,61.5,14.8,35.5,11.2,3.3,2.7,32.5,20.4,3.1,3.7,3.5,1.8,0.9,0.8,0.3,1.4
E07000225,100.0,69.2,62.9,14.0,34.4,14.5,2.8,3.5,30.8,18.2,4.4,4.2,2.4,1.5,0.8,0.7,0.2,1.1
E07000226,100.0,76.9,69.3,14.4,47.2,7.8,4.5,3.1,23.1,9.5,3.3,4.9,3.2,2.1,1.2,0.8,0.6,1.7
E07000227,100.0,73.4,68.0,14.8,40.3,12.9,2.7,2.7,26.6,15.5,3.5,4.2,2.2,1.3,0.7,0.7,0.2,1.0
E07000228,100.0,74.8,69.8,15.1,42.2,12.4,2.4,2.6,25.2,14.2,3.6,4.0,2.0,1.4,0.6,0.6,0.2,0.8
E07000229,100.0,72.1,65.5,15.0,39.7,10.7,3.5,3.2,27.9,15.4,3.1,3.7,4.2,1.6,0.9,0.8,0.4,1.3
E06000022,100.0,68.7,60.9,14.4,35.5,11.0,2.7,5.1,31.3,13.7,10.1,3.3,2.8,1.4,0.7,0.6,0.3,1.0
E06000028,100.0,69.8,60.6,13.3,37.2,10.2,3.8,5.3,30.2,12.2,8.1,3.6,4.5,1.9,0.9,0.8,0.4,1.5
E06000023,100.0,70.6,61.6,13.4,39.8,8.4,4.3,4.8,29.4,9.8,9.0,3.9,4.3,2.3,1.2,0.7,0.7,1.6
E06000052,100.0,66.7,60.7,15.4,31.7,13.6,3.3,2.8,33.3,18.9,4.3,4.0,4.4,1.7,1.0,0.7,0.3,1.2
E06000053,100.0,82.1,80.5,13.6,40.3,26.7,1.1,0.4,17.9,12.9,0.8,1.6,0.9,1.8,0.1,0.5,0.1,0.4
E06000024,100.0,70.6,64.8,15.9,38.2,10.6,3.0,2.8,29.4,17.5,3.2,3.5,3.9,1.4,0.8,0.7,0.3,1.1
E06000026,100.0,66.6,57.7,14.8,36.1,6.8,4.2,4.6,33.4,14.1,8.4,3.9,5.2,1.8,1.4,0.7,0.6,1.6
E06000029,100.0,71.2,65.0,15.2,39.5,10.2,3.2,3.0,28.8,16.1,3.8,4.1,3.3,1.6,0.9,0.7,0.3,1.2
E06000025,100.0,74.4,68.1,16.3,42.9,8.9,2.8,3.5,25.6,14.2,4.1,3.2,2.5,1.5,0.8,0.5,0.3,1.0
E06000030,100.0,76.0,68.9,14.4,46.7,7.8,4.2,2.9,24.0,11.6,3.2,4.1,3.4,1.8,1.1,0.8,0.5,1.6
E06000027,100.0,65.7,58.6,15.7,31.4,11.4,4.5,2.6,34.3,19.6,3.2,3.9,5.8,1.8,1.3,1.0,0.5,1.8
E06000054,100.0,73.9,68.4,15.0,42.2,11.2,2.9,2.6,26.1,14.7,3.3,4.0,2.7,1.5,0.8,0.7,0.3,1.1
E07000040,100.0,67.3,62.6,16.0,32.5,14.1,2.4,2.3,32.7,22.4,2.9,3.3,2.8,1.3,0.7,0.7,0.2,0.8
E07000041,100.0,68.0,59.3,14.9,36.9,7.6,3.1,5.6,32.0,11.1,12.8,2.9,3.5,1.6,1.0,0.6,0.3,1.1
E07000042,100.0,72.0,67.2,15.7,36.1,15.3,2.7,2.1,28.0,16.5,3.2,3.7,3.1,1.5,0.8,0.6,0.3,1.0
E07000043,100.0,69.8,64.3,16.4,33.3,14.6,3.0,2.5,30.2,18.2,3.0,3.8,3.7,1.6,1.0,0.7,0.3,1.1
E07000044,100.0,68.7,63.9,15.1,31.3,17.4,2.3,2.4,31.3,20.2,3.3,3.2,3.1,1.5,0.6,0.7,0.2,0.8
E07000045,100.0,69.1,63.8,16.0,34.6,13.2,2.8,2.5,30.9,19.0,3.0,3.3,3.6,2.0,0.8,0.7,0.3,1.0
E07000046,100.0,67.0,61.7,15.6,30.0,16.1,3.4,1.9,33.0,20.5,3.1,3.9,4.0,1.6,0.9,0.9,0.3,1.4
E07000047,100.0,68.2,62.8,15.2,31.1,16.6,3.1,2.2,31.8,19.6,3.3,3.4,3.4,2.1,0.8,0.8,0.3,1.1
E07000048,100.0,65.6,60.1,15.6,33.0,11.5,3.1,2.4,34.4,22.9,3.3,3.6,3.2,1.4,0.8,0.8,0.3,1.1
E07000049,100.0,68.1,63.2,15.8,34.9,12.5,2.1,2.7,31.9,22.1,2.6,3.7,2.2,1.3,0.6,0.6,0.2,0.8
E07000050,100.0,71.0,66.4,14.6,38.1,13.7,2.6,2.0,29.0,17.0,3.9,3.7,2.6,1.8,0.7,0.7,0.2,0.9
E07000051,100.0,69.2,64.1,16.1,35.7,12.2,2.8,2.3,30.8,20.1,2.8,3.5,2.9,1.5,0.8,0.7,0.2,1.0
E07000052,100.0,67.6,63.0,15.5,32.9,14.6,2.3,2.3,32.4,21.2,3.4,3.4,2.9,1.5,0.6,0.7,0.2,0.9
E07000053,100.0,67.1,60.7,17.1,34.4,9.2,3.9,2.5,32.9,18.2,3.1,3.7,4.9,3.0,1.2,0.9,0.4,1.4
E07000078,100.0,72.9,64.9,13.4,41.9,9.6,3.3,4.7,27.1,12.7,6.3,3.5,3.0,1.6,0.9,0.7,0.4,1.4
E07000079,100.0,71.9,67.1,14.5,36.5,16.1,2.5,2.4,28.1,16.2,4.4,3.9,2.1,1.4,0.6,0.7,0.2,0.9
E07000080,100.0,68.8,62.7,14.9,35.4,12.4,3.5,2.6,31.2,17.7,4.4,3.9,3.7,1.6,1.0,0.8,0.5,1.4
E07000081,100.0,73.9,66.3,16.1,43.2,7.0,4.3,3.3,26.1,12.1,4.2,4.0,4.0,1.9,1.3,0.8,0.6,1.7
E07000082,100.0,73.2,67.8,15.7,38.9,13.2,2.8,2.5,26.8,15.6,3.6,3.5,2.8,1.3,0.8,0.7,0.3,1.1
E07000083,100.0,72.8,67.6,15.1,41.7,10.8,2.8,2.4,27.2,16.9,3.0,3.6,2.4,1.4,0.7,0.7,0.3,1.0
E07000187,100.0,71.8,66.3,16.2,35.9,14.2,2.9,2.5,28.2,15.3,4.2,3.7,3.3,1.6,0.9,0.7,0.3,1.0
E07000188,100.0,69.9,63.6,15.8,36.3,11.5,3.6,2.7,30.1,17.0,3.4,4.0,4.0,1.6,1.1,0.8,0.5,1.3
E07000189,100.0,71.2,66.1,15.8,38.6,11.7,2.7,2.4,28.8,17.9,3.0,3.6,3.1,1.4,0.8,0.7,0.3,1.0
E07000190,100.0,72.0,66.2,16.3,39.3,10.7,2.8,3.0,28.0,15.6,4.0,3.4,3.6,1.5,0.9,0.6,0.3,1.0
E07000191,100.0,64.7,60.1,14.6,29.3,16.3,2.8,1.8,35.3,23.1,3.0,3.4,4.2,1.6,0.7,0.9,0.2,1.0
W06000001,100.0,65.0,57.9,13.7,34.0,10.2,4.7,2.4,35.0,20.0,4.5,3.7,5.1,1.8,1.3,0.9,0.6,2.1
W06000002,100.0,65.2,57.4,13.8,31.3,12.3,3.6,4.2,34.8,16.4,8.8,3.4,4.3,1.8,1.1,0.7,0.4,1.4
W06000003,100.0,65.7,58.9,15.1,32.6,11.2,4.1,2.7,34.3,19.8,4.2,3.3,5.3,1.8,1.1,0.9,0.5,1.8
W06000004,100.0,65.6,58.8,14.3,34.2,10.3,4.2,2.6,34.4,18.5,4.8,3.4,6.0,1.7,1.4,0.8,0.6,1.6
W06000005,100.0,70.3,63.7,15.0,40.8,7.9,3.9,2.7,29.7,16.8,3.8,3.4,4.3,1.4,1.2,0.8,0.5,1.4
W06000006,100.0,69.3,61.9,14.8,39.5,7.6,4.2,3.2,30.7,15.2,4.5,3.8,5.3,1.8,1.3,0.8,0.6,1.7
W06000023,100.0,69.6,64.4,14.5,32.5,17.4,3.0,2.1,30.4,18.0,3.7,3.2,4.1,1.5,1.0,0.7,0.4,1.1
W06000008,100.0,61.1,52.3,11.5,26.4,14.4,2.6,6.2,38.9,16.6,13.6,2.8,4.4,1.4,0.7,0.6,0.3,1.0
W06000009,100.0,66.0,59.7,15.3,30.9,13.5,4.0,2.2,34.0,18.7,3.8,4.3,5.3,1.9,1.3,0.8,0.5,1.4
W06000010,100.0,64.9,58.6,13.9,33.7,11.0,3.7,2.5,35.1,18.1,4.5,3.8,6.8,1.9,1.2,0.7,0.5,1.5
W06000011,100.0,63.0,54.5,14.2,33.7,6.6,3.9,4.6,37.0,15.6,8.7,3.7,6.9,2.1,1.2,0.6,0.6,1.4
W06000012,100.0,62.3,55.6,13.9,35.9,5.7,4.5,2.2,37.7,17.3,4.3,4.3,9.6,2.3,1.5,0.7,0.7,1.7
W06000013,100.0,64.6,57.8,14.2,37.0,6.6,4.6,2.3,35.4,16.7,4.1,3.9,7.7,3.0,1.5,0.7,0.6,1.8
W06000014,100.0,69.0,62.2,14.9,38.1,9.3,4.3,2.5,31.0,16.2,4.6,3.7,4.8,1.6,1.3,0.9,0.6,1.8
W06000015,100.0,67.1,56.8,12.5,37.3,7.0,4.4,5.9,32.9,10.4,10.9,4.0,5.2,2.4,1.3,0.7,0.8,1.7
W06000016,100.0,63.2,55.4,13.4,35.6,6.4,4.7,3.1,36.8,16.0,5.8,4.1,8.6,2.3,1.6,0.7,0.9,1.9
W06000024,100.0,64.2,56.0,13.6,36.6,5.7,5.7,2.5,35.8,15.4,4.8,3.9,9.5,2.3,1.9,0.9,1.1,2.5
W06000018,100.0,64.9,57.5,13.2,38.3,6.0,5.1,2.2,35.1,16.1,4.5,4.3,8.2,2.1,1.8,0.8,0.9,2.2
W06000019,100.0,62.0,53.1,13.1,35.0,5.0,6.9,2.1,38.0,16.8,4.3,4.5,9.6,2.7,2.2,1.0,1.4,3.1
W06000020,100.0,66.3,58.9,14.4,38.7,5.8,4.8,2.6,33.7,16.8,4.0,4.4,6.7,1.8,1.6,0.8,0.7,1.9
W06000021,100.0,68.5,62.9,14.1,36.7,12.0,3.4,2.3,31.5,17.6,4.3,3.7,4.0,1.9,1.1,0.7,0.5,1.2
W06000022,100.0,67.5,58.6,14.8,37.3,6.6,5.3,3.6,32.5,14.6,5.3,4.4,5.7,2.3,1.8,0.8,1.0,2.1
S12000033,100.0,73.3,62.9,11.7,45.4,5.8,3.1,7.3,26.7,10.7,7.7,3.2,3.4,1.6,0.9,0.5,0.4,1.1
S12000034,100.0,74.9,69.5,15.2,44.1,10.2,2.5,2.9,25.1,13.6,3.1,4.2,2.7,1.4,0.8,0.5,0.3,0.9
S12000041,100.0,69.3,62.2,14.3,39.5,8.5,4.2,2.9,30.7,18.1,3.7,3.4,3.8,1.7,1.4,0.8,0.6,1.6
S12000035,100.0,68.6,62.7,14.0,36.6,12.1,4.1,1.8,31.4,19.6,3.5,3.2,3.6,1.5,1.2,1.0,0.4,1.5
S12000005,100.0,67.5,59.2,13.0,40.2,6.0,5.7,2.6,32.5,16.4,3.6,3.6,5.8,3.1,1.8,1.0,1.0,2.4
S12000006,100.0,67.7,61.5,15.9,34.5,11.1,4.2,2.0,32.3,19.5,3.2,3.3,4.7,1.6,1.4,0.8,0.6,1.6
S12000042,100.0,64.4,52.1,12.6,34.7,4.9,5.7,6.6,35.6,14.2,10.1,3.2,6.0,2.0,1.7,1.0,0.9,2.4
S12000008,100.0,67.2,58.6,13.9,37.7,7.0,6.0,2.7,32.8,16.5,4.2,3.7,6.1,2.3,1.8,1.1,0.9,2.4
S12000045,100.0,69.2,61.8,13.5,39.7,8.6,3.5,3.9,30.8,17.8,5.2,3.1,3.4,1.2,1.0,0.8,0.4,1.3
S12000010,100.0,71.1,64.0,15.0,39.6,9.4,4.2,3.0,28.9,15.8,4.2,3.3,3.9,1.6,1.4,0.7,0.6,1.4
S12000011,100.0,69.9,61.9,14.0,38.8,9.2,3.5,4.5,30.1,16.0,5.3,3.7,3.8,1.4,1.0,0.8,0.5,1.3
S12000036,100.0,69.0,59.6,11.4,40.3,7.9,3.9,5.5,31.0,11.6,10.3,3.5,3.7,1.9,1.0,0.7,0.5,1.4
S12000013,100.0,70.6,64.6,15.2,39.4,10.1,4.2,1.8,29.4,18.1,3.3,2.8,3.7,1.4,1.0,1.3,0.3,1.7
S12000014,100.0,71.1,63.1,13.9,43.1,6.1,5.1,2.9,28.9,15.7,3.0,3.3,5.1,1.9,1.6,0.9,0.6,2.0
S12000015,100.0,67.6,59.2,13.6,39.1,6.6,5.2,3.1,32.4,16.5,6.0,3.5,4.7,1.7,1.6,1.0,0.7,2.1
S12000046,100.0,64.5,52.7,11.1,36.2,5.4,6.5,5.4,35.5,11.3,8.7,4.1,8.4,3.0,1.8,1.0,1.2,2.7
S12000017,100.0,71.5,65.7,15.2,39.5,11.0,4.0,1.9,28.5,16.0,3.2,3.8,3.9,1.7,1.1,0.9,0.4,1.4
S12000018,100.0,64.2,55.8,13.8,37.0,5.0,5.2,3.2,35.8,16.0,4.9,3.9,8.9,2.1,1.5,1.1,0.6,1.8
S12000019,100.0,71.1,64.1,15.0,41.6,7.5,4.4,2.7,28.9,15.6,3.5,3.6,4.5,1.7,1.6,0.7,0.6,1.6
S12000020,100.0,71.5,65.5,15.7,41.4,8.4,3.9,2.1,28.5,16.3,3.4,3.9,3.2,1.5,1.4,0.8,0.4,1.3
S12000021,100.0,65.2,55.5,13.5,35.4,6.5,6.8,2.9,34.8,18.4,4.4,3.9,6.2,1.9,2.0,1.3,0.9,3.0
S12000044,100.0,69.6,60.4,13.2,41.7,5.6,6.0,3.1,30.4,14.4,3.8,3.7,6.5,2.1,1.9,1.0,0.9,2.4
S12000023,100.0,73.7,69.3,16.5,37.5,15.2,2.4,2.0,26.3,16.8,2.4,3.1,3.0,1.0,0.8,0.5,0.2,0.8
S12000024,100.0,71.0,65.0,14.3,40.1,10.6,3.3,2.7,29.0,17.2,3.5,3.0,3.3,1.9,1.1,0.7,0.4,1.1
S12000038,100.0,68.7,59.8,13.2,41.1,5.4,5.1,3.8,31.3,15.5,4.5,3.2,6.4,1.7,1.5,1.0,0.7,2.0
S12000026,100.0,69.6,63.5,15.1,36.3,12.1,4.0,2.1,30.4,18.6,3.5,3.1,3.6,1.5,1.3,0.9,0.5,1.5
S12000027,100.0,78.1,74.0,17.4,47.6,9.0,2.0,2.0,21.9,12.8,2.5,2.3,3.0,1.3,0.7,0.4,0.2,0.7
S12000028,100.0,65.7,57.8,14.5,35.3,8.0,4.8,3.1,34.3,19.9,3.9,3.6,5.2,1.7,1.5,1.0,0.6,1.9
S12000029,100.0,70.1,61.9,13.2,41.6,7.0,5.1,3.1,29.9,15.5,3.8,3.3,5.6,1.8,1.6,1.0,0.7,2.0
S12000030,100.0,68.0,58.5,12.6,36.7,9.3,3.9,5.6,32.0,15.1,7.6,3.3,4.1,1.9,1.2,0.7,0.5,1.5
S12000039,100.0,67.6,58.0,13.8,39.5,4.8,6.4,3.2,32.4,14.8,4.0,4.1,7.7,1.8,2.0,1.2,0.9,2.7
S12000040,100.0,72.2,64.4,13.5,44.7,6.2,5.0,2.8,27.8,13.7,3.5,3.6,5.0,2.0,1.7,0.8,0.6,1.8
95AA,100.0,70.9,63.5,13.6,40.8,9.1,3.9,3.4,29.1,12.4,4.6,3.9,6.0,2.3,1.1,0.7,0.5,1.6
95BB,100.0,67.0,60.1,14.0,36.0,10.1,4.1,2.8,33.0,16.9,4.6,3.8,5.6,2.2,1.3,0.8,0.5,1.7
95CC,100.0,68.0,60.2,13.2,35.5,11.5,4.9,2.9,32.0,12.4,6.2,4.2,6.4,2.9,1.5,0.8,0.8,2.2
95DD,100.0,69.1,62.3,13.7,38.6,10.0,4.0,2.8,30.9,14.3,4.8,3.9,5.4,2.5,1.3,0.7,0.5,1.7
95EE,100.0,65.3,57.8,12.2,33.7,11.9,5.3,2.2,34.7,12.9,6.6,5.2,7.0,3.0,1.6,0.9,0.8,2.4
95FF,100.0,70.0,63.2,13.2,38.5,11.5,4.1,2.8,30.0,12.4,5.2,4.0,6.2,2.3,1.3,0.7,0.5,1.8
95GG,100.0,63.6,52.3,12.6,34.5,5.2,5.7,5.6,36.4,11.6,7.4,4.7,9.5,3.3,1.7,0.8,1.2,2.5
95HH,100.0,68.4,60.5,13.9,40.0,6.5,4.4,3.5,31.6,15.1,5.1,3.6,5.8,2.0,1.3,0.9,0.6,2.1
95II,100.0,70.0,63.2,13.9,42.2,7.0,3.3,3.6,30.0,14.8,5.2,3.0,4.9,2.1,1.0,0.7,0.4,1.4
95JJ,100.0,64.2,54.4,13.2,31.6,9.6,4.8,5.0,35.8,15.1,7.1,4.6,6.0,3.0,1.4,0.8,0.7,2.2
95KK,100.0,65.4,57.6,12.9,32.9,11.8,4.7,3.1,34.6,11.2,6.9,5.1,8.1,3.4,1.2,0.7,0.8,2.2
95LL,100.0,67.1,59.0,13.1,38.5,7.4,4.9,3.3,32.9,12.5,5.5,4.2,7.8,2.9,1.5,0.8,0.7,2.3
95MM,100.0,60.5,48.8,12.8,29.4,6.6,7.5,4.2,39.5,11.9,7.6,5.6,10.7,3.7,2.1,1.0,1.7,3.6
95NN,100.0,67.1,58.9,13.1,34.2,11.6,4.9,3.4,32.9,13.2,6.0,3.9,6.9,2.8,1.4,0.9,0.7,2.2
95OO,100.0,67.5,59.6,12.7,35.6,11.3,4.9,3.0,32.5,10.5,6.5,4.9,7.2,3.4,1.4,0.7,0.9,2.0
95PP,100.0,67.1,59.8,12.9,34.6,12.3,4.7,2.6,32.9,12.5,6.0,4.8,6.1,3.5,1.1,0.9,0.7,2.2
95QQ,100.0,67.7,60.7,13.3,38.4,9.0,4.2,2.8,32.3,15.9,4.6,3.6,5.9,2.3,1.3,0.9,0.6,1.7
95RR,100.0,61.2,51.8,11.7,30.2,9.9,6.9,2.5,38.8,12.0,7.2,5.4,8.7,5.6,2.0,1.0,1.1,3.2
95SS,100.0,68.4,60.8,14.0,38.5,8.3,4.1,3.5,31.6,13.0,5.8,4.3,6.0,2.5,1.2,0.7,0.6,1.8
95TT,100.0,67.3,60.1,12.0,35.8,12.3,4.4,2.8,32.7,10.7,7.4,5.0,6.4,3.2,1.3,0.7,0.6,1.9
95UU,100.0,63.3,54.9,12.4,29.0,13.5,6.3,2.1,36.7,15.4,6.2,4.7,7.2,3.2,1.8,1.1,1.0,2.8
95VV,100.0,65.5,56.1,13.0,31.9,11.2,6.1,3.3,34.5,10.7,6.3,5.8,8.2,3.5,1.5,1.0,0.9,2.9
95WW,100.0,69.4,61.1,14.0,40.6,6.4,3.8,4.5,30.6,13.8,6.0,3.5,5.4,1.9,1.1,0.7,0.6,1.5
95XX,100.0,68.2,61.4,14.0,38.7,8.7,3.8,3.1,31.8,17.2,4.7,3.5,4.5,1.9,1.0,0.8,0.4,1.6
95YY,100.0,64.5,56.8,11.5,32.9,12.3,4.9,2.8,35.5,11.5,6.9,4.7,8.7,3.6,1.4,0.8,0.9,2.3
95ZZ,100.0,60.2,50.4,11.9,28.6,9.9,7.1,2.7,39.8,12.5,6.6,6.0,10.6,4.1,1.8,1.0,1.5,3.5
