ons_id,name,outcome,state,remain_votes,remain_percentage_share,leave_votes,leave_percentage_share,majority,percentage_majority,electorate,turnout,percentage_turnout,declaration_time,rush_revisions,result_revisions,recount_revisions,recount_pending,num_recounts,manual_override,pa_id,region_id,region_name,count_error
E07000032,Amber Valley,LEAVE,3,29319,39.71687889460851,44501,60.28312110539149,15182,20.57,96753,73820,76.3,Fri Jun 24 2016 03:46:34 GMT+0000 (GMT),1,1,0,false,0,false,5,E12000004,East Midlands,0
E07000170,Ashfield,LEAVE,3,20179,30.163380618544373,46720,69.83661938145562,26541,39.67,91909,66899,72.79,Fri Jun 24 2016 04:06:39 GMT+0000 (GMT),1,1,0,false,0,false,10,E12000004,East Midlands,0
E07000171,Bassetlaw,LEAVE,3,20575,32.16502258977285,43392,67.83497741022715,22817,35.67,85557,63967,74.77,Fri Jun 24 2016 03:18:31 GMT+0000 (GMT),1,1,0,false,0,false,20,E12000004,East Midlands,0
E07000129,Blaby,LEAVE,3,22888,40.53053779816189,33583,59.469462201838105,10695,18.94,73832,56471,76.49,Fri Jun 24 2016 04:07:31 GMT+0000 (GMT),1,1,0,false,0,false,25,E12000004,East Midlands,0
E07000033,Bolsover,LEAVE,3,12242,29.16706375679024,29730,70.83293624320976,17488,41.67,58058,41972,72.29,Fri Jun 24 2016 04:00:11 GMT+0000 (GMT),1,1,0,false,0,false,29,E12000004,East Midlands,0
E07000136,Boston,LEAVE,3,7430,24.437574003420604,22974,75.56242599657939,15544,51.12,39363,30404,77.24,Fri Jun 24 2016 02:12:44 GMT+0000 (GMT),1,1,0,false,0,false,31,E12000004,East Midlands,0
E07000172,Broxtowe,LEAVE,3,29672,45.352000733653284,35754,54.647999266346716,6082,9.3,83576,65426,78.28,Fri Jun 24 2016 02:59:39 GMT+0000 (GMT),1,1,0,false,0,false,46,E12000004,East Midlands,0
E07000130,Charnwood,LEAVE,3,43500,46.192074077220404,50672,53.807925922779596,7172,7.62,133780,94172,70.39,Fri Jun 24 2016 03:08:30 GMT+0000 (GMT),1,1,0,false,0,false,61,E12000004,East Midlands,0
E07000034,Chesterfield,LEAVE,3,22946,39.95890220117025,34478,60.04109779882975,11532,20.08,79905,57424,71.87,Fri Jun 24 2016 03:11:27 GMT+0000 (GMT),1,1,0,false,0,false,67,E12000004,East Midlands,0
E07000150,Corby,LEAVE,3,11470,35.753249586982946,20611,64.24675041301705,9141,28.49,43310,32081,74.07,Fri Jun 24 2016 01:42:55 GMT+0000 (GMT),1,1,0,false,0,false,78,E12000004,East Midlands,0
E07000151,Daventry,LEAVE,3,20443,41.39851359834754,28938,58.60148640165246,8495,17.2,61013,49381,80.94,Fri Jun 24 2016 03:16:09 GMT+0000 (GMT),1,1,0,false,0,false,88,E12000004,East Midlands,0
E06000015,Derby,,0,,,,,,,,,,,0,0,1,false,1,false,90,E12000004,East Midlands,0
E07000035,Derbyshire Dales,LEAVE,3,22633,48.43562746105119,24095,51.56437253894881,1462,3.13,57063,46728,81.89,Fri Jun 24 2016 03:00:52 GMT+0000 (GMT),1,1,0,false,0,false,91,E12000004,East Midlands,0
E07000137,East Lindsey,,0,,,,,,,,,,,0,0,0,false,0,false,106,E12000004,East Midlands,0
E07000152,East Northamptonshire,LEAVE,3,21680,41.23711340206185,30894,58.76288659793815,9214,17.53,68329,52574,76.94,Fri Jun 24 2016 04:09:34 GMT+0000 (GMT),1,1,0,false,0,false,108,E12000004,East Midlands,0
E07000036,Erewash,LEAVE,3,25791,38.76597023898993,40739,61.23402976101006,14948,22.47,87592,66530,75.95,Fri Jun 24 2016 02:14:58 GMT+0000 (GMT),1,1,0,false,0,false,120,E12000004,East Midlands,0
E07000173,Gedling,LEAVE,3,30035,44.44559539488287,37542,55.55440460511713,7507,11.11,88288,67577,76.54,Fri Jun 24 2016 03:54:48 GMT+0000 (GMT),1,1,0,false,0,false,131,E12000004,East Midlands,0
E07000131,Harborough,,0,,,,,,,,,,,0,0,0,false,0,false,145,E12000004,East Midlands,0
E07000037,High Peak,LEAVE,3,27116,49.45197235241552,27717,50.54802764758448,601,1.1,72487,54833,75.65,Fri Jun 24 2016 03:07:28 GMT+0000 (GMT),1,1,0,false,0,false,157,E12000004,East Midlands,0
E07000132,Hinckley and Bosworth,LEAVE,3,25969,39.66549564686116,39501,60.33450435313884,13532,20.67,85295,65470,76.76,Fri Jun 24 2016 03:33:23 GMT+0000 (GMT),1,1,0,false,0,false,160,E12000004,East Midlands,0
E07000153,Kettering,LEAVE,3,21030,39.011631142523235,32877,60.98836885747676,11847,21.98,70566,53907,76.39,Fri Jun 24 2016 00:06:47 GMT+0000 (GMT),1,1,0,false,0,false,171,E12000004,East Midlands,0
E06000016,Leicester,REMAIN,3,70980,51.07503669803989,67992,48.924963301960105,2988,2.15,213807,138972,65,Fri Jun 24 2016 03:44:56 GMT+0000 (GMT),1,2,0,false,0,false,180,E12000004,East Midlands,0
E07000138,Lincoln,LEAVE,3,18902,43.06283318904634,24992,56.93716681095366,6090,13.87,63336,43894,69.3,Fri Jun 24 2016 01:53:38 GMT+0000 (GMT),1,1,0,false,0,false,184,E12000004,East Midlands,0
E07000174,Mansfield,LEAVE,3,16417,29.137086468834305,39927,70.86291353116569,23510,41.73,77586,56344,72.62,Fri Jun 24 2016 03:47:09 GMT+0000 (GMT),1,1,0,false,0,false,191,E12000004,East Midlands,0
E07000133,Melton,,0,,,,,,,,,,,0,0,0,false,0,false,193,E12000004,East Midlands,0
E07000175,Newark and Sherwood,LEAVE,3,26571,39.60677925678596,40516,60.39322074321404,13945,20.79,87322,67087,76.83,Fri Jun 24 2016 03:14:58 GMT+0000 (GMT),1,1,0,false,0,false,208,E12000004,East Midlands,0
E07000038,North East Derbyshire,,0,,,,,,,,,,,0,0,0,false,0,false,216,E12000004,East Midlands,0
E07000139,North Kesteven,LEAVE,3,25570,37.7400262718994,42183,62.259973728100604,16613,24.52,86464,67753,78.36,Fri Jun 24 2016 02:36:10 GMT+0000 (GMT),1,1,0,false,0,false,219,E12000004,East Midlands,0
E07000134,North West Leicestershire,LEAVE,3,22642,39.3015222787315,34969,60.6984777212685,12327,21.4,73943,57611,77.91,Fri Jun 24 2016 01:58:42 GMT+0000 (GMT),1,1,0,false,0,false,226,E12000004,East Midlands,0
E07000154,Northampton,,0,,,,,,,,,,,0,0,0,false,0,false,227,E12000004,East Midlands,0
E06000018,Nottingham,LEAVE,3,59318,49.1608721956556,61343,50.83912780434441,2025,1.68,195391,120661,61.75,Fri Jun 24 2016 02:37:15 GMT+0000 (GMT),1,1,0,false,0,false,231,E12000004,East Midlands,0
E07000135,Oadby and Wigston,LEAVE,3,14292,45.421897346257744,17173,54.578102653742256,2881,9.16,42680,31465,73.72,Fri Jun 24 2016 02:16:36 GMT+0000 (GMT),1,1,0,false,0,false,233,E12000004,East Midlands,0
E07000176,Rushcliffe,REMAIN,3,40522,57.55148416418122,29888,42.448515835818775,10634,15.1,86397,70410,81.5,Fri Jun 24 2016 03:11:27 GMT+0000 (GMT),1,1,0,false,0,false,264,E12000004,East Midlands,0
E06000017,Rutland,LEAVE,3,11353,49.43394583297048,11613,50.56605416702952,260,1.13,29382,22966,78.16,Fri Jun 24 2016 03:26:55 GMT+0000 (GMT),1,1,0,false,0,false,266,E12000004,East Midlands,0
E07000039,South Derbyshire,LEAVE,3,22479,39.648999029896814,34216,60.351000970103186,11737,20.7,73854,56695,76.77,Fri Jun 24 2016 03:36:14 GMT+0000 (GMT),1,1,0,false,0,false,285,E12000004,East Midlands,0
E07000140,South Holland,LEAVE,3,13074,26.41372204376023,36423,73.58627795623977,23349,47.17,65699,49497,75.34,Fri Jun 24 2016 03:14:22 GMT+0000 (GMT),1,1,0,false,0,false,288,E12000004,East Midlands,0
E07000141,South Kesteven,,0,,,,,,,,,,,0,0,0,false,0,false,289,E12000004,East Midlands,0
E07000155,South Northamptonshire,LEAVE,3,25853,45.657318451539986,30771,54.342681548460014,4918,8.69,71301,56624,79.42,Fri Jun 24 2016 03:50:17 GMT+0000 (GMT),1,1,0,false,0,false,293,E12000004,East Midlands,0
E07000156,Wellingborough,LEAVE,3,15462,37.582946452444034,25679,62.417053547555966,10217,24.83,54566,41141,75.4,Fri Jun 24 2016 01:01:25 GMT+0000 (GMT),1,1,0,false,0,false,354,E12000004,East Midlands,0
E07000142,West Lindsey,,0,,,,,,,,,,,0,0,0,false,0,false,361,E12000004,East Midlands,0
E07000200,Babergh,LEAVE,3,25309,45.81477861047753,29933,54.18522138952247,4624,8.37,70628,55242,78.22,Fri Jun 24 2016 04:07:39 GMT+0000 (GMT),1,2,0,false,0,false,13,E12000006,East of England,0
E07000066,Basildon,LEAVE,3,30748,31.375830365615975,67251,68.62416963438403,36503,37.25,132762,97999,73.82,Fri Jun 24 2016 00:52:08 GMT+0000 (GMT),1,1,0,false,0,false,18,E12000006,East of England,0
E06000055,Bedford,LEAVE,3,41497,48.21532312411405,44569,51.78467687588595,3072,3.57,119317,86066,72.13,Fri Jun 24 2016 02:56:21 GMT+0000 (GMT),1,1,0,false,0,false,22,E12000006,East of England,0
E07000067,Braintree,LEAVE,3,33523,38.87355628739738,52713,61.12644371260263,19190,22.25,112566,86236,76.61,Fri Jun 24 2016 02:54:50 GMT+0000 (GMT),1,1,0,false,0,false,35,E12000006,East of England,0
E07000143,Breckland,,0,,,,,,,,,,,0,0,0,false,0,false,36,E12000006,East of England,0
E07000068,Brentwood,LEAVE,3,19077,40.84660842754368,27627,59.153391572456314,8550,18.31,58777,46704,79.46,Fri Jun 24 2016 00:57:20 GMT+0000 (GMT),1,1,0,false,0,false,38,E12000006,East of England,0
E07000144,Broadland,,0,,,,,,,,,,,0,0,0,false,0,false,42,E12000006,East of England,0
E07000095,Broxbourne,LEAVE,3,17166,33.74351313099544,33706,66.25648686900456,16540,32.51,68990,50872,73.74,Thu Jun 23 2016 23:54:57 GMT+0000 (GMT),1,1,0,false,0,false,45,E12000006,East of England,0
E07000008,Cambridge,REMAIN,3,42682,73.84556826242668,15117,26.154431737573315,27565,47.69,80099,57799,72.16,Fri Jun 24 2016 03:01:21 GMT+0000 (GMT),1,1,0,false,0,false,51,E12000006,East of England,0
E07000069,Castle Point,LEAVE,3,14154,27.300607580287394,37691,72.69939241971261,23537,45.4,68860,51845,75.29,Fri Jun 24 2016 02:02:39 GMT+0000 (GMT),1,1,0,false,0,false,58,E12000006,East of England,0
E06000056,Central Bedfordshire,,0,,,,,,,,,,,0,0,0,false,0,false,59,E12000006,East of England,0
E07000070,Chelmsford,LEAVE,3,47545,47.17046649602159,53249,52.82953350397841,5704,5.66,129966,100794,77.55,Fri Jun 24 2016 02:42:42 GMT+0000 (GMT),1,1,0,false,0,false,62,E12000006,East of England,0
E07000071,Colchester,LEAVE,3,44414,46.40040117427052,51305,53.59959882572948,6891,7.2,127519,95719,75.06,Fri Jun 24 2016 02:21:03 GMT+0000 (GMT),1,1,0,false,0,false,74,E12000006,East of England,0
E07000096,Dacorum,,0,,,,,,,,,,,0,0,0,false,0,false,85,E12000006,East of England,0
E07000009,East Cambridgeshire,LEAVE,3,23599,49.076654327662936,24487,50.923345672337064,888,1.85,62419,48086,77.04,Fri Jun 24 2016 04:02:21 GMT+0000 (GMT),1,1,0,false,0,false,100,E12000006,East of England,0
E07000242,East Hertfordshire,LEAVE,3,42372,49.63568633882342,42994,50.36431366117659,622,0.73,106254,85366,80.34,Fri Jun 24 2016 03:27:49 GMT+0000 (GMT),1,1,0,false,0,false,105,E12000006,East of England,0
E07000072,Epping Forest,LEAVE,3,28676,37.31327746838078,48176,62.686722531619225,19500,25.37,100016,76852,76.84,Fri Jun 24 2016 02:32:14 GMT+0000 (GMT),1,1,0,false,0,false,118,E12000006,East of England,0
E07000010,Fenland,LEAVE,3,15055,28.60753239843423,37571,71.39246760156577,22516,42.78,71440,52626,73.66,Fri Jun 24 2016 03:02:38 GMT+0000 (GMT),1,1,0,false,0,false,124,E12000006,East of England,0
E07000201,Forest Heath,LEAVE,3,9791,35.02915816965404,18160,64.97084183034596,8369,29.94,38525,27951,72.55,Fri Jun 24 2016 02:09:00 GMT+0000 (GMT),1,1,0,false,0,false,127,E12000006,East of England,0
E07000145,Great Yarmouth,LEAVE,3,14284,28.495052665177145,35844,71.50494733482286,21560,43.01,72625,50128,69.02,Fri Jun 24 2016 02:24:41 GMT+0000 (GMT),1,1,0,false,0,false,137,E12000006,East of England,0
E07000073,Harlow,LEAVE,3,13867,31.900894890611703,29602,68.0991051093883,15735,36.2,59123,43469,73.52,Fri Jun 24 2016 01:07:44 GMT+0000 (GMT),1,1,0,false,0,false,147,E12000006,East of England,0
E07000098,Hertsmere,LEAVE,3,27593,49.16347438752784,28532,50.83652561247216,939,1.67,73284,56125,76.59,Fri Jun 24 2016 01:52:20 GMT+0000 (GMT),1,1,0,false,0,false,156,E12000006,East of England,0
E07000011,Huntingdonshire,LEAVE,3,45729,45.76240655678646,54198,54.23759344321355,8469,8.48,128479,99927,77.78,Fri Jun 24 2016 03:08:54 GMT+0000 (GMT),1,1,0,false,0,false,163,E12000006,East of England,0
E07000202,Ipswich,LEAVE,3,27698,41.743402709749375,38655,58.25659729025063,10957,16.51,91647,66353,72.4,Fri Jun 24 2016 02:42:30 GMT+0000 (GMT),1,1,0,false,0,false,166,E12000006,East of England,0
E07000146,King's Lynn and West Norfolk,LEAVE,3,28587,33.60014104372355,56493,66.39985895627645,27906,32.8,113870,85080,74.72,Fri Jun 24 2016 04:14:47 GMT+0000 (GMT),1,1,0,false,0,false,172,E12000006,East of England,0
E06000032,Luton,LEAVE,3,36708,43.45119020844923,47773,56.54880979155076,11065,13.1,127604,84481,66.21,Fri Jun 24 2016 03:32:52 GMT+0000 (GMT),1,1,0,false,0,false,186,E12000006,East of England,0
E07000074,Maldon,LEAVE,3,14529,37.41598207617625,24302,62.58401792382375,9773,25.17,49063,38831,79.15,Fri Jun 24 2016 04:01:16 GMT+0000 (GMT),1,1,0,false,0,false,188,E12000006,East of England,0
E07000203,Mid Suffolk,,0,,,,,,,,,,,0,0,0,false,0,false,198,E12000006,East of England,0
E07000099,North Hertfordshire,REMAIN,3,42234,54.37480688021423,35438,45.62519311978577,6796,8.75,99306,77672,78.21,Fri Jun 24 2016 02:29:32 GMT+0000 (GMT),1,1,0,false,0,false,218,E12000006,East of England,0
E07000147,North Norfolk,LEAVE,3,26214,41.09421539426242,37576,58.90578460573758,11362,17.81,83057,63790,76.8,Fri Jun 24 2016 03:11:03 GMT+0000 (GMT),1,1,0,false,0,false,222,E12000006,East of England,0
E07000148,Norwich,REMAIN,3,37326,56.24265437121417,29040,43.75734562878583,8286,12.49,96081,66366,69.07,Fri Jun 24 2016 02:39:31 GMT+0000 (GMT),1,1,0,false,0,false,230,E12000006,East of England,0
E06000031,Peterborough,LEAVE,3,34176,39.106554375686564,53216,60.893445624313436,19040,21.79,120884,87392,72.29,Fri Jun 24 2016 02:18:38 GMT+0000 (GMT),1,1,0,false,0,false,240,E12000006,East of England,0
E07000075,Rochford,LEAVE,3,17510,33.386085000095335,34937,66.61391499990467,17427,33.23,66587,52447,78.76,Fri Jun 24 2016 00:59:17 GMT+0000 (GMT),1,1,0,false,0,false,258,E12000006,East of England,0
E07000012,South Cambridgeshire,REMAIN,3,56128,60.23028469025314,37061,39.76971530974686,19067,20.46,114830,93189,81.15,Fri Jun 24 2016 03:08:05 GMT+0000 (GMT),1,1,0,false,0,false,284,E12000006,East of England,0
E07000149,South Norfolk,LEAVE,3,38817,48.30508474576271,41541,51.69491525423729,2724,3.39,102396,80358,78.48,Fri Jun 24 2016 02:39:49 GMT+0000 (GMT),1,1,0,false,0,false,292,E12000006,East of England,0
E06000033,Southend-on-Sea,LEAVE,3,39348,41.917545541706616,54522,58.082454458293384,15174,16.16,128844,93870,72.86,Fri Jun 24 2016 01:01:15 GMT+0000 (GMT),1,1,0,false,0,false,300,E12000006,East of England,0
E07000240,St Albans,REMAIN,3,54208,62.70808028226039,32237,37.2919197177396,21971,25.42,104858,86445,82.44,Fri Jun 24 2016 01:58:31 GMT+0000 (GMT),1,1,0,false,0,false,303,E12000006,East of England,0
E07000204,St Edmundsbury,LEAVE,3,26986,43.378877993891656,35224,56.62112200610834,8238,13.24,81148,62210,76.66,Fri Jun 24 2016 02:53:26 GMT+0000 (GMT),1,1,0,false,0,false,304,E12000006,East of England,0
E07000243,Stevenage,LEAVE,3,18659,40.75352189581741,27126,59.246478104182586,8467,18.49,62150,45785,73.67,Fri Jun 24 2016 01:25:27 GMT+0000 (GMT),1,1,0,false,0,false,308,E12000006,East of England,0
E07000205,Suffolk Coastal,LEAVE,3,37218,47.001919579713075,41966,52.99808042028693,4748,6,98191,79184,80.64,Fri Jun 24 2016 03:37:41 GMT+0000 (GMT),1,1,0,false,0,false,315,E12000006,East of England,0
E07000076,Tendring,LEAVE,3,25210,30.49953421972731,57447,69.50046578027269,32237,39,111159,82657,74.36,Fri Jun 24 2016 02:46:34 GMT+0000 (GMT),1,1,0,false,0,false,328,E12000006,East of England,0
E07000102,Three Rivers,LEAVE,3,25751,48.726536481986074,27097,51.273463518013926,1346,2.55,67382,52848,78.43,Fri Jun 24 2016 03:06:51 GMT+0000 (GMT),1,1,0,false,0,false,332,E12000006,East of England,0
E06000034,Thurrock,LEAVE,3,22151,27.717853746433757,57765,72.28214625356625,35614,44.56,109889,79916,72.72,Fri Jun 24 2016 02:21:46 GMT+0000 (GMT),1,1,0,false,0,false,333,E12000006,East of England,0
E07000077,Uttlesford,LEAVE,3,25619,49.3213715033787,26324,50.67862849662129,705,1.36,64733,51943,80.24,Fri Jun 24 2016 01:41:59 GMT+0000 (GMT),1,1,0,false,0,false,341,E12000006,East of England,0
E07000103,Watford,LEAVE,3,23167,49.72953247756837,23419,50.27046752243163,252,0.54,65048,46586,71.62,Fri Jun 24 2016 01:45:53 GMT+0000 (GMT),1,1,0,false,0,false,350,E12000006,East of England,0
E07000206,Waveney,LEAVE,3,24356,37.10203211162904,41290,62.897967888370964,16934,25.8,90385,65646,72.63,Fri Jun 24 2016 04:00:20 GMT+0000 (GMT),1,1,0,false,0,false,351,E12000006,East of England,0
E07000241,Welwyn Hatfield,LEAVE,3,27550,47.00563043849172,31060,52.99436956150827,3510,5.99,78124,58610,75.02,Fri Jun 24 2016 02:33:49 GMT+0000 (GMT),1,1,0,false,0,false,355,E12000006,East of England,0
E09000002,Barking and Dagenham,LEAVE,3,27750,37.560909583107744,46130,62.43909041689226,18380,24.88,115801,73880,63.8,Fri Jun 24 2016 01:34:54 GMT+0000 (GMT),1,1,0,false,0,false,14,E12000007,London,0
E09000003,Barnet,REMAIN,3,100210,62.229480913849955,60823,37.770519086150045,39387,24.46,223460,161033,72.06,Fri Jun 24 2016 03:52:59 GMT+0000 (GMT),1,1,0,false,0,false,15,E12000007,London,0
E09000004,Bexley,LEAVE,3,47603,37.04830763722964,80886,62.95169236277035,33283,25.9,170772,128489,75.24,Fri Jun 24 2016 02:54:22 GMT+0000 (GMT),1,1,0,false,0,false,23,E12000007,London,0
E09000005,Brent,REMAIN,3,72523,59.736911469144346,48881,40.263088530855654,23642,19.47,186750,121404,65.01,Fri Jun 24 2016 03:57:59 GMT+0000 (GMT),1,1,0,false,0,false,37,E12000007,London,0
E09000006,Bromley,REMAIN,3,92398,50.64791264690405,90034,49.352087353095946,2364,1.3,231478,182432,78.81,Fri Jun 24 2016 04:11:05 GMT+0000 (GMT),1,1,0,false,0,false,43,E12000007,London,0
E09000007,Camden,REMAIN,3,71295,74.94244899246318,23838,25.057551007536816,47457,49.88,145328,95133,65.46,Fri Jun 24 2016 03:33:38 GMT+0000 (GMT),1,1,0,false,0,false,52,E12000007,London,0
E09000001,City of London,REMAIN,3,3312,75.28983859968174,1087,24.710161400318253,2225,50.58,5986,4399,73.49,Fri Jun 24 2016 01:02:06 GMT+0000 (GMT),1,1,0,false,0,false,72,E12000007,London,0
E09000008,Croydon,REMAIN,3,92913,54.292542685848524,78221,45.70745731415148,14692,8.59,245332,171134,69.76,Fri Jun 24 2016 03:30:52 GMT+0000 (GMT),1,1,0,false,0,false,84,E12000007,London,0
E09000009,Ealing,REMAIN,3,90024,60.40217121463222,59017,39.59782878536778,31007,20.8,212991,149041,69.98,Fri Jun 24 2016 02:32:18 GMT+0000 (GMT),1,1,0,false,0,false,98,E12000007,London,0
E09000010,Enfield,REMAIN,3,76425,55.82297342702292,60481,44.17702657297708,15944,11.65,198359,136906,69.02,Fri Jun 24 2016 03:30:02 GMT+0000 (GMT),1,1,0,false,0,false,117,E12000007,London,0
E09000011,Greenwich,REMAIN,3,65248,55.59408682315852,52117,44.40591317684148,13131,11.19,168967,117365,69.46,Fri Jun 24 2016 03:51:23 GMT+0000 (GMT),1,1,0,false,0,false,138,E12000007,London,0
E09000012,Hackney,REMAIN,3,83398,78.48041706660645,22868,21.51958293339356,60530,56.96,163284,106266,65.08,Fri Jun 24 2016 02:46:55 GMT+0000 (GMT),1,1,0,false,0,false,141,E12000007,London,0
E09000013,Hammersmith and Fulham,REMAIN,3,56188,70.0231798808604,24054,29.976820119139603,32134,40.05,114843,80242,69.87,Fri Jun 24 2016 01:37:54 GMT+0000 (GMT),1,1,0,false,0,false,144,E12000007,London,0
E09000014,Haringey,REMAIN,3,79991,75.57300228634053,25855,24.426997713659468,54136,51.15,150097,105846,70.52,Fri Jun 24 2016 02:16:36 GMT+0000 (GMT),1,1,0,false,0,false,146,E12000007,London,0
E09000015,Harrow,REMAIN,3,64042,54.63169119215184,53183,45.36830880784816,10859,9.26,162387,117225,72.19,Fri Jun 24 2016 03:29:06 GMT+0000 (GMT),1,1,0,false,0,false,149,E12000007,London,0
E09000016,Havering,LEAVE,3,42201,30.341659117380615,96885,69.65834088261938,54684,39.32,183067,139086,75.98,Fri Jun 24 2016 04:05:32 GMT+0000 (GMT),1,1,0,false,0,false,154,E12000007,London,0
E09000017,Hillingdon,,0,,,,,,,,,,,0,0,0,false,0,false,159,E12000007,London,0
E09000018,Hounslow,REMAIN,3,58755,51.057561959053146,56321,48.942438040946854,2434,2.12,165031,115076,69.73,Fri Jun 24 2016 02:53:02 GMT+0000 (GMT),1,1,0,false,0,false,162,E12000007,London,0
E09000019,Islington,REMAIN,3,76420,75.21653543307086,25180,24.783464566929133,51240,50.43,144507,101600,70.31,Fri Jun 24 2016 01:57:05 GMT+0000 (GMT),1,1,0,false,0,false,169,E12000007,London,0
E09000020,Kensington and Chelsea,REMAIN,3,37601,68.69142658799028,17138,31.30857341200972,20463,37.38,83035,54739,65.92,Fri Jun 24 2016 02:49:47 GMT+0000 (GMT),1,1,0,false,0,false,170,E12000007,London,0
E09000021,Kingston-upon-Thames,REMAIN,3,52533,61.60783393925179,32737,38.39216606074821,19796,23.22,108835,85270,78.35,Fri Jun 24 2016 04:05:57 GMT+0000 (GMT),1,1,0,false,0,false,174,E12000007,London,0
E09000022,Lambeth,REMAIN,3,111584,78.62236126377498,30340,21.37763873622502,81244,57.24,210766,141924,67.34,Fri Jun 24 2016 01:21:16 GMT+0000 (GMT),1,1,0,false,0,false,177,E12000007,London,0
E09000023,Lewisham,,0,,,,,,,,,,,0,0,0,false,0,false,182,E12000007,London,0
E09000024,Merton,REMAIN,3,63003,62.940059940059946,37097,37.05994005994006,25906,25.88,136333,100100,73.42,Fri Jun 24 2016 02:09:18 GMT+0000 (GMT),1,1,0,false,0,false,196,E12000007,London,0
E09000025,Newham,REMAIN,3,55328,52.844821822557996,49371,47.155178177442004,5957,5.69,176956,104699,59.17,Fri Jun 24 2016 03:25:10 GMT+0000 (GMT),1,1,0,false,0,false,211,E12000007,London,0
E09000026,Redbridge,,0,,,,,,,,,,,0,0,0,false,0,false,248,E12000007,London,0
E09000027,Richmond-upon-Thames,REMAIN,3,75396,69.29397275885522,33410,30.70602724114479,41986,38.59,132626,108806,82.04,Fri Jun 24 2016 02:00:39 GMT+0000 (GMT),1,1,0,false,0,false,255,E12000007,London,0
E09000028,Southwark,,0,,,,,,,,,,,0,0,0,false,0,false,301,E12000007,London,0
E09000029,Sutton,LEAVE,3,49319,46.28284534534535,57241,53.71715465465465,7922,7.43,140280,106560,75.96,Fri Jun 24 2016 03:03:08 GMT+0000 (GMT),1,1,0,false,0,false,318,E12000007,London,0
E09000030,Tower Hamlets,REMAIN,3,73011,67.45599852173511,35224,32.54400147826489,37787,34.91,167789,108235,64.51,Fri Jun 24 2016 03:02:07 GMT+0000 (GMT),1,1,0,false,0,false,338,E12000007,London,0
E09000031,Waltham Forest,REMAIN,3,64156,59.10217317205737,44395,40.89782682794262,19761,18.2,162971,108551,66.61,Fri Jun 24 2016 02:39:18 GMT+0000 (GMT),1,1,0,false,0,false,346,E12000007,London,0
E09000032,Wandsworth,REMAIN,3,118463,75.03166882014644,39421,24.968331179853564,79042,50.06,219516,157884,71.92,Fri Jun 24 2016 01:27:41 GMT+0000 (GMT),1,1,0,false,0,false,347,E12000007,London,0
E09000033,Westminster,REMAIN,3,53928,68.96516445854007,24268,31.03483554145992,29660,37.93,120524,78196,64.88,Fri Jun 24 2016 02:11:33 GMT+0000 (GMT),1,1,0,false,0,false,365,E12000007,London,0
E06000005,Darlington,LEAVE,3,24172,43.816843708081066,30994,56.183156291918934,6822,12.37,77664,55166,71.03,Fri Jun 24 2016 02:12:20 GMT+0000 (GMT),1,1,0,false,0,false,86,E12000001,North East,0
E06000047,Durham,LEAVE,3,113521,42.453945055684784,153877,57.546054944315216,40356,15.09,389500,267398,68.65,Fri Jun 24 2016 02:39:19 GMT+0000 (GMT),1,1,0,false,0,false,97,E12000001,North East,0
E08000037,Gateshead,LEAVE,3,44429,43.15254764078556,58529,56.84745235921444,14100,13.69,145843,102958,70.6,Fri Jun 24 2016 02:19:05 GMT+0000 (GMT),1,1,0,false,0,false,130,E12000001,North East,0
E06000001,Hartlepool,LEAVE,3,14029,30.43167028199566,32071,69.56832971800434,18042,39.14,70337,46100,65.54,Fri Jun 24 2016 00:57:04 GMT+0000 (GMT),1,1,0,false,0,false,151,E12000001,North East,0
E06000002,Middlesbrough,LEAVE,3,21181,34.52035594380521,40177,65.4796440561948,18996,30.96,94610,61358,64.85,Fri Jun 24 2016 00:56:34 GMT+0000 (GMT),1,1,0,false,0,false,200,E12000001,North East,0
E08000021,Newcastle-upon-Tyne,REMAIN,3,65405,50.70037130919436,63598,49.29962869080564,1807,1.4,190735,129003,67.63,Thu Jun 23 2016 23:00:33 GMT+0000 (GMT),1,2,0,false,0,false,210,E12000001,North East,0
E08000022,North Tyneside,LEAVE,3,52873,46.59974264511466,60589,53.40025735488534,7716,6.8,156975,113462,72.28,Fri Jun 24 2016 01:36:41 GMT+0000 (GMT),1,1,0,false,0,false,224,E12000001,North East,0
E06000057,Northumberland,,0,,,,,,,,,,,0,0,0,false,0,false,229,E12000001,North East,0
E06000003,Redcar and Cleveland,LEAVE,3,24586,33.81192067552328,48128,66.18807932447672,23542,32.38,103503,72714,70.25,Fri Jun 24 2016 01:06:53 GMT+0000 (GMT),1,1,0,false,0,false,249,E12000001,North East,0
E08000023,South Tyneside,LEAVE,3,30014,37.95445061267846,49065,62.04554938732154,19051,24.09,115888,79079,68.24,Fri Jun 24 2016 00:18:33 GMT+0000 (GMT),1,1,0,false,0,false,298,E12000001,North East,0
E06000004,Stockton-on-Tees,LEAVE,3,38433,38.27416222675895,61982,61.725837773241054,23549,23.45,141486,100415,70.97,Fri Jun 24 2016 00:45:11 GMT+0000 (GMT),1,1,0,false,0,false,311,E12000001,North East,0
E08000024,Sunderland,LEAVE,3,51930,38.660254310473185,82394,61.339745689526815,30464,22.68,207207,134324,64.83,Thu Jun 23 2016 23:17:16 GMT+0000 (GMT),1,1,0,false,0,false,316,E12000001,North East,0
E07000026,Allerdale,LEAVE,3,22429,41.352925992846345,31809,58.647074007153655,9380,17.29,74509,54238,72.79,Fri Jun 24 2016 02:12:48 GMT+0000 (GMT),1,1,0,false,0,false,4,E12000002,North West,0
E07000027,Barrow-in-Furness,LEAVE,3,14207,39.38293507789544,21867,60.61706492210456,7660,21.23,53194,36074,67.82,Fri Jun 24 2016 02:22:38 GMT+0000 (GMT),1,1,0,false,0,false,17,E12000002,North West,0
E06000008,Blackburn with Darwen,LEAVE,3,28522,43.66436521180019,36799,56.33563478819982,8277,12.67,100116,65321,65.25,Fri Jun 24 2016 03:13:55 GMT+0000 (GMT),1,1,0,false,0,false,26,E12000002,North West,0
E06000009,Blackpool,LEAVE,3,21781,32.54441406308366,45146,67.45558593691634,23365,34.91,102350,66927,65.39,Fri Jun 24 2016 01:41:10 GMT+0000 (GMT),1,1,0,false,0,false,27,E12000002,North West,0
E08000001,Bolton,LEAVE,3,57589,41.70698146002317,80491,58.29301853997683,22902,16.59,197096,138080,70.06,Fri Jun 24 2016 02:36:44 GMT+0000 (GMT),1,1,0,false,0,false,30,E12000002,North West,0
E07000117,Burnley,LEAVE,3,14462,33.38720103425985,28854,66.61279896574014,14392,33.23,64464,43316,67.19,Fri Jun 24 2016 01:30:34 GMT+0000 (GMT),1,1,0,false,0,false,47,E12000002,North West,0
E08000002,Bury,LEAVE,3,46354,45.88232965118581,54674,54.117670348814194,8320,8.24,141600,101028,71.35,Fri Jun 24 2016 01:02:58 GMT+0000 (GMT),1,1,0,false,0,false,48,E12000002,North West,0
E07000028,Carlisle,LEAVE,3,23788,39.85724578188094,35895,60.142754218119066,12107,20.29,80136,59683,74.48,Fri Jun 24 2016 02:17:39 GMT+0000 (GMT),1,1,0,false,0,false,56,E12000002,North West,0
E06000049,Cheshire East,LEAVE,3,107962,48.823968343697004,113163,51.176031656303,5201,2.35,285941,221125,77.33,Fri Jun 24 2016 03:49:53 GMT+0000 (GMT),1,1,0,false,0,false,65,E12000002,North West,0
E06000050,Cheshire West and Chester,,0,,,,,,,,,,,0,0,0,false,0,false,66,E12000002,North West,0
E07000118,Chorley,LEAVE,3,27417,43.16618121703535,36098,56.83381878296465,8681,13.67,84159,63515,75.47,Fri Jun 24 2016 02:47:35 GMT+0000 (GMT),1,2,0,false,0,false,70,E12000002,North West,0
E07000029,Copeland,LEAVE,3,14419,37.997733681186915,23528,62.002266318813085,9109,24,54206,37947,70.01,Fri Jun 24 2016 02:59:01 GMT+0000 (GMT),1,1,0,false,0,false,77,E12000002,North West,0
E07000030,Eden,LEAVE,3,14807,46.68327132858314,16911,53.316728671416854,2104,6.63,41872,31718,75.75,Fri Jun 24 2016 01:08:10 GMT+0000 (GMT),1,1,0,false,0,false,114,E12000002,North West,0
E07000119,Fylde,LEAVE,3,19889,43.04419339479721,26317,56.95580660520279,6428,13.91,61174,46206,75.53,Fri Jun 24 2016 02:19:53 GMT+0000 (GMT),1,1,0,false,0,false,129,E12000002,North West,0
E06000006,Halton,LEAVE,3,27678,42.578263210522266,37327,57.42173678947773,9649,14.84,95280,65005,68.23,Fri Jun 24 2016 02:21:56 GMT+0000 (GMT),1,1,0,false,0,false,142,E12000002,North West,0
E07000120,Hyndburn,LEAVE,3,13569,33.80671201136109,26568,66.19328798863891,12999,32.39,62037,40137,64.7,Fri Jun 24 2016 01:36:31 GMT+0000 (GMT),1,1,0,false,0,false,164,E12000002,North West,0
E08000011,Knowsley,LEAVE,3,34345,48.439417231993005,36558,51.56058276800699,2213,3.12,111631,70903,63.52,Fri Jun 24 2016 01:32:59 GMT+0000 (GMT),1,1,0,false,0,false,176,E12000002,North West,0
E07000121,Lancaster,LEAVE,3,35732,48.92046932544735,37309,51.07953067455265,1577,2.16,100554,73041,72.64,Fri Jun 24 2016 03:15:29 GMT+0000 (GMT),1,1,0,false,0,false,178,E12000002,North West,0
E08000012,Liverpool,REMAIN,3,118453,58.19242068443754,85101,41.80757931556246,33352,16.38,317901,203554,64.03,Fri Jun 24 2016 01:52:05 GMT+0000 (GMT),1,1,0,false,0,false,185,E12000002,North West,0
E08000003,Manchester,REMAIN,3,121823,60.36399853330294,79991,39.63600146669706,41832,20.73,338049,201814,59.7,Fri Jun 24 2016 02:49:12 GMT+0000 (GMT),1,1,0,false,0,false,190,E12000002,North West,0
E08000004,Oldham,LEAVE,3,42034,39.13670940290309,65369,60.86329059709692,23335,21.73,158084,107403,67.94,Fri Jun 24 2016 02:09:06 GMT+0000 (GMT),1,1,0,false,0,false,234,E12000002,North West,0
E07000122,Pendle,LEAVE,3,16704,36.845704202051394,28631,63.1542957979486,11927,26.31,64533,45335,70.25,Fri Jun 24 2016 01:34:57 GMT+0000 (GMT),1,1,0,false,0,false,238,E12000002,North West,0
E07000123,Preston,LEAVE,3,30227,46.686230596957294,34518,53.31376940304271,4291,6.63,94284,64745,68.67,Fri Jun 24 2016 03:00:30 GMT+0000 (GMT),1,1,0,false,0,false,245,E12000002,North West,0
E07000124,Ribble Valley,LEAVE,3,15892,43.609022556390975,20550,56.390977443609025,4658,12.78,46139,36442,78.98,Fri Jun 24 2016 01:53:46 GMT+0000 (GMT),1,1,0,false,0,false,254,E12000002,North West,0
E08000005,Rochdale,LEAVE,3,41217,39.92695992482878,62014,60.073040075171214,20797,20.15,156598,103231,65.92,Fri Jun 24 2016 02:14:53 GMT+0000 (GMT),1,1,0,false,0,false,257,E12000002,North West,0
E07000125,Rossendale,LEAVE,3,15012,39.317985385401116,23169,60.68201461459889,8157,21.36,52753,38181,72.38,Fri Jun 24 2016 02:35:29 GMT+0000 (GMT),1,1,0,false,0,false,259,E12000002,North West,0
E08000006,Salford,LEAVE,3,47430,43.190820926102994,62385,56.809179073897006,14955,13.62,173665,109815,63.23,Fri Jun 24 2016 03:15:06 GMT+0000 (GMT),1,1,0,false,0,false,268,E12000002,North West,0
E08000014,Sefton,REMAIN,3,76702,51.86843208590866,71176,48.13156791409134,5526,3.74,206298,147878,71.68,Fri Jun 24 2016 03:03:57 GMT+0000 (GMT),1,1,0,false,0,false,273,E12000002,North West,0
E07000031,South Lakeland,REMAIN,3,34531,52.85545912354013,30800,47.14454087645987,3731,5.71,81940,65331,79.73,Fri Jun 24 2016 02:39:55 GMT+0000 (GMT),1,1,0,false,0,false,290,E12000002,North West,0
E07000126,South Ribble,LEAVE,3,26406,41.43807670579373,37318,58.56192329420627,10912,17.12,84567,63724,75.35,Fri Jun 24 2016 02:15:02 GMT+0000 (GMT),1,1,0,false,0,false,295,E12000002,North West,0
E08000013,St Helens,LEAVE,3,39322,41.975255927155494,54357,58.024744072844506,15035,16.05,136086,93679,68.84,Fri Jun 24 2016 01:12:35 GMT+0000 (GMT),1,1,0,false,0,false,305,E12000002,North West,0
E08000007,Stockport,REMAIN,3,85559,52.333184495592974,77930,47.666815504407026,7629,4.67,217649,163489,75.12,Fri Jun 24 2016 03:24:48 GMT+0000 (GMT),1,1,0,false,0,false,310,E12000002,North West,0
E08000008,Tameside,LEAVE,3,43118,38.863601539473805,67829,61.136398460526195,24711,22.27,168047,110947,66.02,Fri Jun 24 2016 02:28:55 GMT+0000 (GMT),1,1,0,false,0,false,322,E12000002,North West,0
E08000009,Trafford,REMAIN,3,72293,57.69086512756263,53018,42.309134872437376,19275,15.38,165238,125311,75.84,Fri Jun 24 2016 03:22:53 GMT+0000 (GMT),1,1,0,false,0,false,339,E12000002,North West,0
E06000007,Warrington,LEAVE,3,52657,45.7314319460849,62487,54.268568053915104,9830,8.54,157035,115144,73.32,Fri Jun 24 2016 03:46:15 GMT+0000 (GMT),1,1,0,false,0,false,348,E12000002,North West,0
E07000127,West Lancashire,LEAVE,3,28546,44.694609278366656,35323,55.305390721633344,6777,10.61,85833,63869,74.41,Fri Jun 24 2016 03:38:45 GMT+0000 (GMT),1,1,0,false,0,false,360,E12000002,North West,0
E08000010,Wigan,LEAVE,3,58942,36.10027377459837,104331,63.89972622540163,45389,27.8,235975,163273,69.19,Fri Jun 24 2016 01:44:42 GMT+0000 (GMT),1,1,0,false,0,false,367,E12000002,North West,0
E08000015,Wirral,REMAIN,3,88931,51.704069767441865,83069,48.295930232558135,5862,3.41,242558,172000,70.91,Fri Jun 24 2016 02:23:16 GMT+0000 (GMT),1,1,0,false,0,false,371,E12000002,North West,0
E07000128,Wyre,LEAVE,3,22816,36.22794899887264,40163,63.77205100112736,17347,27.54,84471,62979,74.56,Fri Jun 24 2016 03:39:01 GMT+0000 (GMT),1,1,0,false,0,false,380,E12000002,North West,0
N92000002,Northern Ireland,REMAIN,3,440707,55.7751765806196,349442,44.22482341938039,91265,11.55,1260955,790149,62.66,Fri Jun 24 2016 03:50:11 GMT+0000 (GMT),1,1,0,false,0,false,228,N92000002,Northern Ireland,0
S12000033,Aberdeen,REMAIN,3,63985,61.10453234524515,40729,38.89546765475485,23256,22.21,154262,104714,67.88,Fri Jun 24 2016 02:09:10 GMT+0000 (GMT),1,1,0,false,0,false,1,S92000003,Scotland,0
S12000034,Aberdeenshire,REMAIN,3,76445,55.01183785378632,62516,44.98816214621368,13929,10.02,196804,138961,70.61,Fri Jun 24 2016 03:36:52 GMT+0000 (GMT),1,1,0,false,0,false,2,S92000003,Scotland,0
S12000041,Angus,REMAIN,3,32747,55.261736811907255,26511,44.738263188092745,6236,10.52,87134,59258,68.01,Fri Jun 24 2016 01:12:32 GMT+0000 (GMT),1,1,0,false,0,false,7,S92000003,Scotland,0
S12000035,Argyll and Bute,REMAIN,3,29494,60.56760308854937,19202,39.43239691145063,10292,21.14,66634,48696,73.08,Fri Jun 24 2016 02:51:09 GMT+0000 (GMT),1,1,0,false,0,false,8,S92000003,Scotland,0
S12000005,Clackmannanshire,REMAIN,3,14691,57.77716600464073,10736,42.22283399535927,3955,15.55,37841,25427,67.19,Thu Jun 23 2016 23:15:19 GMT+0000 (GMT),1,1,0,false,0,false,73,S92000003,Scotland,0
S12000006,Dumfries and Galloway,REMAIN,3,43864,53.06107636662756,38803,46.93892363337245,5061,6.12,115824,82667,71.37,Fri Jun 24 2016 03:31:35 GMT+0000 (GMT),1,1,0,false,0,false,95,S92000003,Scotland,0
S12000042,Dundee,REMAIN,3,39688,59.784589892294946,26697,40.215410107705054,12991,19.57,105544,66385,62.9,Fri Jun 24 2016 00:23:34 GMT+0000 (GMT),1,1,0,false,0,false,96,S92000003,Scotland,0
S12000008,East Ayrshire,REMAIN,3,33891,58.60149049850432,23942,41.39850950149568,9949,17.2,91970,57833,62.88,Fri Jun 24 2016 00:34:21 GMT+0000 (GMT),1,1,0,false,0,false,99,S92000003,Scotland,0
S12000045,East Dunbartonshire,REMAIN,3,44534,71.39833905152788,17840,28.60166094847212,26694,42.8,83026,62374,75.13,Fri Jun 24 2016 01:31:09 GMT+0000 (GMT),1,1,0,false,0,false,103,S92000003,Scotland,0
S12000010,East Lothian,REMAIN,3,36026,64.6044042751596,19738,35.3955957248404,16288,29.21,77787,55764,71.69,Fri Jun 24 2016 01:29:07 GMT+0000 (GMT),1,1,0,false,0,false,107,S92000003,Scotland,0
S12000011,East Renfrewshire,REMAIN,3,39345,74.31858106193687,13596,25.68141893806313,25749,48.64,69572,52941,76.1,Fri Jun 24 2016 01:06:24 GMT+0000 (GMT),1,1,0,false,0,false,109,S92000003,Scotland,0
S12000036,Edinburgh,REMAIN,3,187796,74.43538094445368,64498,25.564619055546306,123298,48.87,346056,252294,72.91,Fri Jun 24 2016 02:36:07 GMT+0000 (GMT),1,1,0,false,0,false,115,S92000003,Scotland,0
S12000014,Falkirk,REMAIN,3,44987,56.760200863004364,34271,43.239799136995636,10716,13.52,117390,79258,67.52,Fri Jun 24 2016 01:25:08 GMT+0000 (GMT),1,1,0,false,0,false,122,S92000003,Scotland,0
S12000015,Fife,REMAIN,3,106754,58.58522664910548,75466,41.41477335089452,31288,17.17,272987,182220,66.75,Fri Jun 24 2016 02:22:42 GMT+0000 (GMT),1,1,0,false,0,false,125,S92000003,Scotland,0
S12000046,Glasgow,REMAIN,3,168335,66.58584148507371,84474,33.41415851492629,83861,33.17,449731,252809,56.21,Fri Jun 24 2016 01:22:36 GMT+0000 (GMT),1,1,0,false,0,false,133,S92000003,Scotland,0
S12000017,Highland,REMAIN,3,70308,55.95231463428221,55349,44.04768536571779,14959,11.9,175557,125657,71.58,Fri Jun 24 2016 02:30:46 GMT+0000 (GMT),1,1,0,false,0,false,158,S92000003,Scotland,0
S12000018,Inverclyde,REMAIN,3,24688,63.796578634554756,14010,36.203421365445244,10678,27.59,58624,38698,66.01,Fri Jun 24 2016 00:54:54 GMT+0000 (GMT),1,1,0,false,0,false,165,S92000003,Scotland,0
S12000019,Midlothian,REMAIN,3,28217,62.05903052696402,17251,37.94096947303598,10966,24.12,66757,45468,68.11,Fri Jun 24 2016 00:46:07 GMT+0000 (GMT),1,1,0,false,0,false,201,S92000003,Scotland,0
S12000020,Moray,REMAIN,3,24114,50.1268033093585,23992,49.8731966906415,122,0.25,71367,48106,67.41,Fri Jun 24 2016 01:38:39 GMT+0000 (GMT),1,2,0,false,0,false,205,S92000003,Scotland,0
S12000013,Na h-Eileanan Siar,REMAIN,3,8232,55.237200563644905,6671,44.762799436355095,1561,10.47,21259,14903,70.1,Fri Jun 24 2016 00:32:04 GMT+0000 (GMT),1,1,0,false,0,false,75,S92000003,Scotland,0
S12000021,North Ayrshire,REMAIN,3,38394,56.8766295330647,29110,43.12337046693529,9284,13.75,104570,67504,64.55,Fri Jun 24 2016 01:30:09 GMT+0000 (GMT),1,2,0,false,0,false,213,S92000003,Scotland,0
S12000044,North Lanarkshire,REMAIN,3,95549,61.66480583934069,59400,38.33519416065931,36149,23.33,254562,154949,60.87,Fri Jun 24 2016 01:45:26 GMT+0000 (GMT),1,1,0,false,0,false,220,S92000003,Scotland,0
S12000023,Orkney Islands,REMAIN,3,7189,63.161131611316115,4193,36.838868388683885,2996,26.32,16658,11382,68.33,Thu Jun 23 2016 23:04:31 GMT+0000 (GMT),1,1,0,false,0,false,235,S92000003,Scotland,0
S12000024,Perth and Kinross,REMAIN,3,49641,61.092855824256965,31614,38.90714417574303,18027,22.19,110217,81255,73.72,Fri Jun 24 2016 01:39:59 GMT+0000 (GMT),1,1,0,false,0,false,239,S92000003,Scotland,0
S12000038,Renfrewshire,REMAIN,3,57119,64.81294466066788,31010,35.18705533933211,26109,29.63,127290,88129,69.23,Fri Jun 24 2016 00:47:02 GMT+0000 (GMT),1,1,0,false,0,false,252,S92000003,Scotland,0
S12000026,Scottish Borders,REMAIN,3,37952,58.46504606094217,26962,41.53495393905783,10990,16.93,88426,64914,73.41,Fri Jun 24 2016 02:09:28 GMT+0000 (GMT),1,1,0,false,0,false,271,S92000003,Scotland,0
S12000027,Shetland Islands,REMAIN,3,6907,56.51284568810342,5315,43.48715431189658,1592,13.03,17375,12222,70.34,Fri Jun 24 2016 00:13:44 GMT+0000 (GMT),1,1,0,false,0,false,278,S92000003,Scotland,0
S12000028,South Ayrshire,REMAIN,3,36265,58.96172731115663,25241,41.038272688843364,11024,17.92,88111,61506,69.81,Fri Jun 24 2016 01:19:04 GMT+0000 (GMT),1,1,0,false,0,false,282,S92000003,Scotland,0
S12000029,South Lanarkshire,REMAIN,3,102568,63.083054516827396,60024,36.916945483172604,42544,26.17,248954,162592,65.31,Fri Jun 24 2016 01:33:40 GMT+0000 (GMT),1,1,0,false,0,false,291,S92000003,Scotland,0
S12000030,Stirling,REMAIN,3,33112,67.71508619808176,15787,32.28491380191824,17325,35.43,66100,48899,73.98,Fri Jun 24 2016 01:20:01 GMT+0000 (GMT),1,1,0,false,0,false,309,S92000003,Scotland,0
S12000039,West Dunbartonshire,REMAIN,3,26794,61.9944470152707,16426,38.00555298472929,10368,23.99,67589,43220,63.95,Fri Jun 24 2016 00:22:21 GMT+0000 (GMT),1,1,0,false,0,false,359,S92000003,Scotland,0
S12000040,West Lothian,REMAIN,3,51560,58.25462105120442,36948,41.74537894879559,14612,16.51,130920,88508,67.6,Fri Jun 24 2016 01:08:14 GMT+0000 (GMT),1,1,0,false,0,false,362,S92000003,Scotland,0
E07000223,Adur,LEAVE,3,16914,45.43232426334309,20315,54.56767573665691,3401,9.14,48754,37229,76.36,Fri Jun 24 2016 03:32:44 GMT+0000 (GMT),1,1,0,false,0,false,3,E12000008,South East,0
E07000224,Arun,,0,,,,,,,,,,,0,0,0,false,0,false,9,E12000008,South East,0
E07000105,Ashford,LEAVE,3,28314,40.572607686355425,41472,59.42739231364457,13158,18.85,90508,69786,77.1,Fri Jun 24 2016 02:25:17 GMT+0000 (GMT),1,1,0,false,0,false,11,E12000008,South East,0
E07000004,Aylesbury Vale,LEAVE,3,52877,49.49500622466841,53956,50.5049937753316,1079,1.01,136235,106833,78.42,Fri Jun 24 2016 03:53:36 GMT+0000 (GMT),1,1,0,false,0,false,12,E12000008,South East,0
E07000084,Basingstoke and Deane,,0,,,,,,,,,,,0,0,0,false,0,false,19,E12000008,South East,0
E06000036,Bracknell Forest,LEAVE,3,29888,46.059485282786255,35002,53.94051471721375,5114,7.88,85298,64890,76.07,Fri Jun 24 2016 01:29:29 GMT+0000 (GMT),1,1,0,false,0,false,33,E12000008,South East,0
E06000043,Brighton and Hove,,0,,,,,,,,,,,0,0,0,false,0,false,40,E12000008,South East,0
E07000106,Canterbury,LEAVE,3,40169,48.957927067082686,41879,51.042072932917314,1710,2.08,109399,82048,75,Fri Jun 24 2016 02:37:54 GMT+0000 (GMT),1,1,0,false,0,false,54,E12000008,South East,0
E07000177,Cherwell,,0,,,,,,,,,,,0,0,0,false,0,false,64,E12000008,South East,0
E07000225,Chichester,LEAVE,3,35011,49.07831840419418,36326,50.92168159580582,1315,1.84,91659,71337,77.83,Fri Jun 24 2016 03:08:04 GMT+0000 (GMT),1,1,0,false,0,false,68,E12000008,South East,0
E07000005,Chiltern,REMAIN,3,32241,55.01501603986077,26363,44.98498396013924,5878,10.03,70189,58604,83.49,Fri Jun 24 2016 03:33:21 GMT+0000 (GMT),1,1,0,false,0,false,69,E12000008,South East,0
E07000226,Crawley,LEAVE,3,22388,41.58632859663787,31447,58.41367140336212,9059,16.83,73570,53835,73.18,Fri Jun 24 2016 02:23:10 GMT+0000 (GMT),1,1,0,false,0,false,83,E12000008,South East,0
E07000107,Dartford,LEAVE,3,19985,35.78014501835109,35870,64.21985498164892,15885,28.44,73951,55855,75.53,Fri Jun 24 2016 03:08:58 GMT+0000 (GMT),1,1,0,false,0,false,87,E12000008,South East,0
E07000108,Dover,LEAVE,3,24606,37.84606866002215,40410,62.15393133997785,15804,24.31,85009,65016,76.48,Fri Jun 24 2016 03:00:26 GMT+0000 (GMT),1,1,0,false,0,false,93,E12000008,South East,0
E07000085,East Hampshire,REMAIN,3,37346,50.520819241903624,36576,49.47918075809637,770,1.04,90543,73922,81.64,Fri Jun 24 2016 03:20:25 GMT+0000 (GMT),1,1,0,false,0,false,104,E12000008,South East,0
E07000061,Eastbourne,LEAVE,3,22845,42.66504809039126,30700,57.33495190960875,7855,14.67,71716,53545,74.66,Fri Jun 24 2016 02:07:18 GMT+0000 (GMT),1,1,0,false,0,false,112,E12000008,South East,0
E07000086,Eastleigh,LEAVE,3,36172,47.54843967715645,39902,52.45156032284355,3730,4.9,97280,76074,78.2,Fri Jun 24 2016 02:46:26 GMT+0000 (GMT),1,1,0,false,0,false,113,E12000008,South East,0
E07000207,Elmbridge,,0,,,,,,,,,,,0,0,0,false,0,false,116,E12000008,South East,0
E07000208,Epsom and Ewell,REMAIN,3,23596,52.08485089287686,21707,47.91514910712315,1889,4.17,56374,45303,80.36,Fri Jun 24 2016 02:45:41 GMT+0000 (GMT),1,1,0,false,0,false,119,E12000008,South East,0
E07000087,Fareham,LEAVE,3,32210,44.90137310936084,39525,55.09862689063916,7315,10.2,90174,71735,79.55,Fri Jun 24 2016 01:28:42 GMT+0000 (GMT),1,1,0,false,0,false,123,E12000008,South East,0
E07000088,Gosport,LEAVE,3,16671,36.14152231881545,29456,63.85847768118455,12785,27.72,62778,46127,73.48,Fri Jun 24 2016 01:38:44 GMT+0000 (GMT),1,1,0,false,0,false,135,E12000008,South East,0
E07000109,Gravesham,LEAVE,3,18876,34.62279205414626,35643,65.37720794585374,16767,30.75,72801,54519,74.89,Fri Jun 24 2016 03:10:58 GMT+0000 (GMT),1,1,0,false,0,false,136,E12000008,South East,0
E07000209,Guildford,,0,,,,,,,,,,,0,0,0,false,0,false,139,E12000008,South East,0
E07000089,Hart,REMAIN,3,30282,52.39553594601609,27513,47.60446405398391,2769,4.79,69946,57795,82.63,Fri Jun 24 2016 02:36:15 GMT+0000 (GMT),1,1,0,false,0,false,150,E12000008,South East,0
E07000062,Hastings,LEAVE,3,20011,45.120631341600905,24339,54.879368658399095,4328,9.76,61947,44350,71.59,Fri Jun 24 2016 02:41:09 GMT+0000 (GMT),1,1,0,false,0,false,152,E12000008,South East,0
E07000090,Havant,LEAVE,3,26582,37.636098486457406,44047,62.363901513542594,17465,24.73,95366,70629,74.06,Fri Jun 24 2016 01:59:31 GMT+0000 (GMT),1,1,0,false,0,false,153,E12000008,South East,0
E07000227,Horsham,REMAIN,3,43785,51.45849003384731,41303,48.54150996615269,2482,2.92,104280,85088,81.6,Fri Jun 24 2016 04:05:09 GMT+0000 (GMT),1,1,0,false,0,false,161,E12000008,South East,0
E06000046,Isle of Wight,LEAVE,3,30207,38.05366591080877,49173,61.94633408919123,18966,23.89,109840,79380,72.27,Fri Jun 24 2016 01:56:49 GMT+0000 (GMT),1,1,0,false,0,false,167,E12000008,South East,0
E07000063,Lewes,REMAIN,3,30974,52.072896002151914,28508,47.927103997848086,2466,4.15,76463,59482,77.79,Fri Jun 24 2016 02:55:02 GMT+0000 (GMT),1,1,0,false,0,false,181,E12000008,South East,0
E07000110,Maidstone,LEAVE,3,36762,41.24676024100441,52365,58.75323975899559,15603,17.51,117226,89127,76.03,Fri Jun 24 2016 02:02:38 GMT+0000 (GMT),1,2,0,false,0,false,187,E12000008,South East,0
E06000035,Medway,,0,,,,,,,,,,,0,0,0,false,0,false,192,E12000008,South East,0
E07000228,Mid Sussex,,0,,,,,,,,,,,0,0,0,false,0,false,199,E12000008,South East,0
E06000042,Milton Keynes,LEAVE,3,63393,48.59339547433618,67063,51.40660452566382,3670,2.81,177234,130456,73.61,Fri Jun 24 2016 02:24:20 GMT+0000 (GMT),1,1,0,false,0,false,202,E12000008,South East,0
E07000210,Mole Valley,REMAIN,3,29088,53.08416672749836,25708,46.915833272501644,3380,6.17,66730,54796,82.12,Fri Jun 24 2016 02:06:41 GMT+0000 (GMT),1,1,0,false,0,false,203,E12000008,South East,0
E07000091,New Forest,LEAVE,3,47199,42.24002147843208,64541,57.75997852156792,17342,15.52,141057,111740,79.22,Fri Jun 24 2016 02:27:47 GMT+0000 (GMT),1,1,0,false,0,false,207,E12000008,South East,0
E07000178,Oxford,REMAIN,3,49424,70.26742681661146,20913,29.732573183388546,28511,40.53,97309,70337,72.28,Fri Jun 24 2016 01:27:45 GMT+0000 (GMT),1,1,0,false,0,false,236,E12000008,South East,0
E06000044,Portsmouth,LEAVE,3,41384,41.92058346839546,57336,58.07941653160454,15952,16.16,140509,98720,70.26,Fri Jun 24 2016 02:56:53 GMT+0000 (GMT),1,1,0,false,0,false,243,E12000008,South East,0
E06000038,Reading,REMAIN,3,43385,58.026937017668224,31382,41.973062982331776,12003,16.05,103166,74767,72.47,Fri Jun 24 2016 02:44:55 GMT+0000 (GMT),1,1,0,false,0,false,247,E12000008,South East,0
E07000211,Reigate and Banstead,LEAVE,3,40181,49.507768509505794,40980,50.4922314904942,799,0.98,103727,81161,78.24,Fri Jun 24 2016 02:40:48 GMT+0000 (GMT),1,1,0,false,0,false,251,E12000008,South East,0
E07000064,Rother,LEAVE,3,23916,41.471154346355924,33753,58.52884565364407,9837,17.06,72748,57669,79.27,Fri Jun 24 2016 02:05:01 GMT+0000 (GMT),1,1,0,false,0,false,260,E12000008,South East,0
E07000212,Runnymede,LEAVE,3,20259,45.737571680137265,24035,54.262428319862735,3776,8.52,58269,44294,76.02,Fri Jun 24 2016 02:07:30 GMT+0000 (GMT),1,1,0,false,0,false,263,E12000008,South East,0
E07000092,Rushmoor,LEAVE,3,20384,41.787617876178764,28396,58.212382123821236,8012,16.42,65783,48780,74.15,Fri Jun 24 2016 02:39:29 GMT+0000 (GMT),1,1,0,false,0,false,265,E12000008,South East,0
E07000111,Sevenoaks,LEAVE,3,32091,45.616853118025844,38258,54.383146881974156,6167,8.77,87241,70349,80.64,Fri Jun 24 2016 02:20:13 GMT+0000 (GMT),1,1,0,false,0,false,275,E12000008,South East,0
E07000112,Shepway,LEAVE,3,22884,37.75427713526801,37729,62.24572286473199,14845,24.49,80872,60613,74.95,Fri Jun 24 2016 02:24:09 GMT+0000 (GMT),1,1,0,false,0,false,277,E12000008,South East,0
E06000039,Slough,LEAVE,3,24911,45.67305929375527,29631,54.32694070624473,4720,8.65,87868,54542,62.07,Fri Jun 24 2016 02:54:16 GMT+0000 (GMT),1,1,0,false,0,false,280,E12000008,South East,0
E07000006,South Bucks,LEAVE,3,20077,49.30016697770356,20647,50.69983302229644,570,1.4,52190,40724,78.03,Fri Jun 24 2016 02:19:13 GMT+0000 (GMT),1,1,0,false,0,false,283,E12000008,South East,0
E07000179,South Oxfordshire,REMAIN,3,46245,54.98157175127809,37865,45.01842824872192,8380,9.96,104227,84110,80.7,Fri Jun 24 2016 03:03:51 GMT+0000 (GMT),1,1,0,false,0,false,294,E12000008,South East,0
E06000045,Southampton,LEAVE,3,49738,46.196999953559654,57927,53.80300004644035,8189,7.61,158164,107665,68.07,Fri Jun 24 2016 03:31:11 GMT+0000 (GMT),1,1,0,false,0,false,299,E12000008,South East,0
E07000213,Spelthorne,LEAVE,3,22474,39.700400996308005,34135,60.299599003691995,11661,20.6,72674,56609,77.89,Fri Jun 24 2016 03:45:13 GMT+0000 (GMT),1,1,0,false,0,false,302,E12000008,South East,0
E07000214,Surrey Heath,LEAVE,3,25638,49.01634642959564,26667,50.983653570404364,1029,1.97,65553,52305,79.79,Fri Jun 24 2016 02:06:43 GMT+0000 (GMT),1,1,0,false,0,false,317,E12000008,South East,0
E07000113,Swale,LEAVE,3,28481,37.5397065995334,47388,62.4602934004666,18907,24.92,102208,75869,74.23,Fri Jun 24 2016 03:11:50 GMT+0000 (GMT),1,1,0,false,0,false,319,E12000008,South East,0
E07000215,Tandridge,LEAVE,3,24251,47.162582652664334,27169,52.837417347335666,2918,5.67,64044,51420,80.29,Fri Jun 24 2016 02:10:13 GMT+0000 (GMT),1,1,0,false,0,false,324,E12000008,South East,0
E07000093,Test Valley,LEAVE,3,36170,48.059419885465246,39091,51.940580114534754,2921,3.88,94552,75261,79.6,Fri Jun 24 2016 02:58:17 GMT+0000 (GMT),1,1,0,false,0,false,329,E12000008,South East,0
E07000114,Thanet,LEAVE,3,26065,36.15017613935813,46037,63.84982386064186,19972,27.7,99126,72102,72.74,Fri Jun 24 2016 03:16:27 GMT+0000 (GMT),1,1,0,false,0,false,331,E12000008,South East,0
E07000115,Tonbridge and Malling,LEAVE,3,32792,44.30094162467408,41229,55.69905837532592,8437,11.4,93013,74021,79.58,Fri Jun 24 2016 03:38:16 GMT+0000 (GMT),1,1,0,false,0,false,334,E12000008,South East,0
E07000116,Tunbridge Wells,REMAIN,3,35676,54.88953166348698,29320,45.110468336513016,6356,9.78,82178,64996,79.09,Fri Jun 24 2016 03:13:03 GMT+0000 (GMT),1,2,0,false,0,false,340,E12000008,South East,0
E07000180,Vale of White Horse,REMAIN,3,43462,56.69893286716936,33192,43.30106713283064,10270,13.4,94479,76654,81.13,Fri Jun 24 2016 02:44:48 GMT+0000 (GMT),1,1,0,false,0,false,343,E12000008,South East,0
E07000216,Waverley,REMAIN,3,44341,58.387980300755835,31601,41.612019699244165,12740,16.78,92291,75942,82.29,Fri Jun 24 2016 03:32:37 GMT+0000 (GMT),1,1,0,false,0,false,352,E12000008,South East,0
E07000065,Wealden,,0,,,,,,,,,,,0,0,0,false,0,false,353,E12000008,South East,0
E06000037,West Berkshire,REMAIN,3,48300,51.78125368526003,44977,48.21874631473997,3323,3.56,116747,93277,79.9,Fri Jun 24 2016 03:23:23 GMT+0000 (GMT),1,1,0,false,0,false,356,E12000008,South East,0
E07000181,West Oxfordshire,REMAIN,3,35236,53.65534254084756,30435,46.344657459152444,4801,7.31,82437,65671,79.66,Fri Jun 24 2016 03:25:59 GMT+0000 (GMT),1,1,0,false,0,false,363,E12000008,South East,0
E07000094,Winchester,REMAIN,3,42878,58.927491616733555,29886,41.072508383266445,12992,17.85,89581,72764,81.23,Fri Jun 24 2016 03:45:42 GMT+0000 (GMT),1,1,0,false,0,false,369,E12000008,South East,0
E06000040,Windsor and Maidenhead,REMAIN,3,44086,53.900136932707355,37706,46.099863067292645,6380,7.8,102650,81792,79.68,Fri Jun 24 2016 04:07:03 GMT+0000 (GMT),1,1,0,false,0,false,370,E12000008,South East,0
E07000217,Woking,REMAIN,3,31007,56.150739754803425,24214,43.849260245196575,6793,12.3,71275,55221,77.48,Fri Jun 24 2016 02:35:04 GMT+0000 (GMT),1,1,0,false,0,false,372,E12000008,South East,0
E06000041,Wokingham,REMAIN,3,55272,56.688649347186185,42229,43.311350652813815,13043,13.38,123107,97501,79.2,Fri Jun 24 2016 03:33:55 GMT+0000 (GMT),1,1,0,false,0,false,373,E12000008,South East,0
E07000229,Worthing,LEAVE,3,28851,47.014633510412935,32515,52.98536648958707,3664,5.97,81375,61366,75.41,Fri Jun 24 2016 03:45:25 GMT+0000 (GMT),1,1,0,false,0,false,376,E12000008,South East,0
E07000007,Wycombe,REMAIN,3,49261,51.96856208460808,45529,48.03143791539192,3732,3.94,125260,94790,75.67,Fri Jun 24 2016 03:23:42 GMT+0000 (GMT),1,1,0,false,0,false,379,E12000008,South East,0
E06000022,Bath and North East Somerset,REMAIN,3,60878,57.852323481896796,44352,42.1476765181032,16526,15.7,136497,105230,77.09,Fri Jun 24 2016 03:10:26 GMT+0000 (GMT),1,1,0,false,0,false,21,E12000009,South West and Gibraltar,0
E06000028,Bournemouth,LEAVE,3,41473,45.115636490220396,50453,54.88436350977961,8980,9.77,132734,91926,69.26,Fri Jun 24 2016 02:46:46 GMT+0000 (GMT),1,1,0,false,0,false,32,E12000009,South West and Gibraltar,0
E06000023,Bristol,REMAIN,3,141027,61.73345881940948,87418,38.266541180590515,53609,23.47,312450,228445,73.11,Fri Jun 24 2016 03:02:19 GMT+0000 (GMT),1,1,0,false,0,false,41,E12000009,South West and Gibraltar,0
E07000078,Cheltenham,,0,,,,,,,,,,,0,0,1,false,1,false,63,E12000009,South West and Gibraltar,0
E07000048,Christchurch,,0,,,,,,,,,,,0,0,0,false,0,false,71,E12000009,South West and Gibraltar,0
E06000052,Cornwall,,0,,,,,,,,,,,0,0,0,false,0,false,79,E12000009,South West and Gibraltar,0
E07000079,Cotswold,REMAIN,3,28015,51.10267963006877,26806,48.89732036993123,1209,2.21,68721,54821,79.77,Fri Jun 24 2016 02:49:26 GMT+0000 (GMT),1,1,0,false,0,false,80,E12000009,South West and Gibraltar,0
E07000040,East Devon,LEAVE,3,40743,45.890542108286496,48040,54.10945789171351,7297,8.22,112542,88783,78.89,Fri Jun 24 2016 03:37:51 GMT+0000 (GMT),1,1,0,false,0,false,101,E12000009,South West and Gibraltar,0
E07000049,East Dorset,,0,,,,,,,,,,,0,0,0,false,0,false,102,E12000009,South West and Gibraltar,0
E07000041,Exeter,REMAIN,3,35270,55.27953231039293,28533,44.72046768960708,6737,10.56,86418,63803,73.83,Fri Jun 24 2016 01:20:05 GMT+0000 (GMT),1,1,0,false,0,false,121,E12000009,South West and Gibraltar,0
E07000080,Forest of Dean,LEAVE,3,21392,41.422845303332494,30251,58.57715469666751,8859,17.15,66702,51643,77.42,Fri Jun 24 2016 02:05:30 GMT+0000 (GMT),1,1,0,false,0,false,128,E12000009,South West and Gibraltar,0
G99999999,Gibraltar,REMAIN,3,19322,95.91461901216182,823,4.085380987838174,18499,91.83,24117,20145,83.53,Thu Jun 23 2016 22:36:33 GMT+0000 (GMT),1,1,0,false,0,false,132,E12000009,South West and Gibraltar,0
E07000081,Gloucester,LEAVE,3,26801,41.50239249268316,37776,58.49760750731685,10975,17,89714,64577,71.98,Fri Jun 24 2016 02:00:55 GMT+0000 (GMT),1,1,0,false,0,false,134,E12000009,South West and Gibraltar,0
E06000053,Isles of Scilly,REMAIN,3,803,56.39044943820225,621,43.609550561797754,182,12.78,1799,1424,79.16,Thu Jun 23 2016 23:49:42 GMT+0000 (GMT),1,1,0,false,0,false,168,E12000009,South West and Gibraltar,0
E07000187,Mendip,REMAIN,3,33427,51.06867313421435,32028,48.93132686578565,1399,2.14,85054,65455,76.96,Fri Jun 24 2016 04:00:45 GMT+0000 (GMT),1,1,0,false,0,false,194,E12000009,South West and Gibraltar,0
E07000042,Mid Devon,LEAVE,3,22400,46.66083406240887,25606,53.33916593759114,3206,6.68,60531,48006,79.31,Fri Jun 24 2016 02:31:37 GMT+0000 (GMT),1,1,0,false,0,false,197,E12000009,South West and Gibraltar,0
E07000043,North Devon,LEAVE,3,24931,42.96152056659372,33100,57.03847943340629,8169,14.08,75540,58031,76.82,Fri Jun 24 2016 03:09:00 GMT+0000 (GMT),1,1,0,false,0,false,214,E12000009,South West and Gibraltar,0
E07000050,North Dorset,LEAVE,3,18399,43.5984929267079,23802,56.4015070732921,5403,12.8,52981,42201,79.65,Fri Jun 24 2016 01:58:02 GMT+0000 (GMT),1,1,0,false,0,false,215,E12000009,South West and Gibraltar,0
E06000024,North Somerset,,0,,,,,,,,,,,0,0,0,false,0,false,223,E12000009,South West and Gibraltar,0
E06000026,Plymouth,LEAVE,3,53458,40.056948034918136,79997,59.943051965081864,26539,19.89,186980,133455,71.37,Fri Jun 24 2016 03:14:12 GMT+0000 (GMT),1,1,0,false,0,false,241,E12000009,South West and Gibraltar,0
E06000029,Poole,LEAVE,3,35741,41.82777829791218,49707,58.172221702087825,13966,16.34,113418,85448,75.34,Fri Jun 24 2016 02:55:35 GMT+0000 (GMT),1,1,0,false,0,false,242,E12000009,South West and Gibraltar,0
E07000051,Purbeck,LEAVE,3,11754,40.92618384401114,16966,59.07381615598886,5212,18.15,36427,28720,78.84,Fri Jun 24 2016 02:29:08 GMT+0000 (GMT),1,1,0,false,0,false,246,E12000009,South West and Gibraltar,0
E07000188,Sedgemoor,LEAVE,3,26545,38.800537901599085,41869,61.199462098400915,15324,22.4,89700,68414,76.27,Fri Jun 24 2016 03:49:17 GMT+0000 (GMT),1,1,0,false,0,false,272,E12000009,South West and Gibraltar,0
E06000025,South Gloucestershire,,0,,,,,,,,,,,0,0,0,false,0,false,286,E12000009,South West and Gibraltar,0
E07000044,South Hams,REMAIN,3,29308,52.85482416591524,26142,47.14517583408476,3166,5.71,69120,55450,80.22,Fri Jun 24 2016 02:50:18 GMT+0000 (GMT),1,1,0,false,0,false,287,E12000009,South West and Gibraltar,0
E07000189,South Somerset,LEAVE,3,42527,42.754883529210694,56940,57.245116470789306,14413,14.49,126488,99467,78.64,Fri Jun 24 2016 02:15:32 GMT+0000 (GMT),1,1,0,false,0,false,296,E12000009,South West and Gibraltar,0
E07000082,Stroud,REMAIN,3,40446,54.60952689565781,33618,45.39047310434219,6828,9.22,92632,74064,79.96,Fri Jun 24 2016 01:44:01 GMT+0000 (GMT),1,1,0,false,0,false,314,E12000009,South West and Gibraltar,0
E06000030,Swindon,LEAVE,3,51220,45.34147744876732,61745,54.65852255123268,10525,9.32,148967,112965,75.83,Thu Jun 23 2016 23:55:16 GMT+0000 (GMT),1,1,0,false,0,false,321,E12000009,South West and Gibraltar,0
E07000190,Taunton Deane,,0,,,,,,,,,,,0,0,0,false,0,false,325,E12000009,South West and Gibraltar,0
E07000045,Teignbridge,LEAVE,3,37949,46.103848770531634,44363,53.89615122946837,6414,7.79,103735,82312,79.35,Fri Jun 24 2016 02:57:35 GMT+0000 (GMT),1,1,0,false,0,false,326,E12000009,South West and Gibraltar,0
E07000083,Tewkesbury,LEAVE,3,25084,46.75314992917319,28568,53.24685007082681,3484,6.49,67831,53652,79.1,Fri Jun 24 2016 03:49:04 GMT+0000 (GMT),1,1,0,false,0,false,330,E12000009,South West and Gibraltar,0
E06000027,Torbay,LEAVE,3,27935,36.841897024688755,47889,63.158102975311245,19954,26.32,102945,75824,73.65,Fri Jun 24 2016 01:30:25 GMT+0000 (GMT),1,1,0,false,0,false,335,E12000009,South West and Gibraltar,0
E07000046,Torridge,LEAVE,3,16229,39.17304303748582,25200,60.82695696251418,8971,21.65,52875,41429,78.35,Fri Jun 24 2016 02:39:30 GMT+0000 (GMT),1,1,0,false,0,false,337,E12000009,South West and Gibraltar,0
E07000047,West Devon,LEAVE,3,16658,46.79870768366344,18937,53.20129231633657,2279,6.4,43836,35595,81.2,Fri Jun 24 2016 01:57:58 GMT+0000 (GMT),1,2,0,false,0,false,357,E12000009,South West and Gibraltar,0
E07000052,West Dorset,LEAVE,3,31924,48.9699498397018,33267,51.0300501602982,1343,2.06,82071,65191,79.43,Fri Jun 24 2016 01:54:16 GMT+0000 (GMT),1,1,0,false,0,false,358,E12000009,South West and Gibraltar,0
E07000191,West Somerset,LEAVE,3,8566,39.41290144474096,13168,60.58709855525905,4602,21.17,27476,21734,79.1,Fri Jun 24 2016 02:05:57 GMT+0000 (GMT),1,1,0,false,0,false,364,E12000009,South West and Gibraltar,0
E07000053,Weymouth and Portland,LEAVE,3,14903,38.95699908508692,23352,61.04300091491308,8449,22.09,50441,38255,75.84,Fri Jun 24 2016 00:54:56 GMT+0000 (GMT),1,1,0,false,0,false,366,E12000009,South West and Gibraltar,0
E06000054,Wiltshire,LEAVE,3,137258,47.511379566970696,151637,52.4886204330293,14379,4.98,366546,288895,78.82,Fri Jun 24 2016 03:50:43 GMT+0000 (GMT),1,1,0,false,0,false,368,E12000009,South West and Gibraltar,0
W06000019,Blaenau Gwent,LEAVE,3,13215,37.97195563473363,21587,62.02804436526637,8372,24.06,51127,34802,68.07,Fri Jun 24 2016 00:58:31 GMT+0000 (GMT),1,1,0,false,0,false,28,W92000004,Wales,0
W06000013,Bridgend,LEAVE,3,33723,45.3601452686798,40622,54.63985473132019,6899,9.28,104492,74345,71.15,Fri Jun 24 2016 02:07:08 GMT+0000 (GMT),1,1,0,false,0,false,39,W92000004,Wales,0
W06000018,Caerphilly,LEAVE,3,39178,42.36696116704336,53295,57.63303883295665,14117,15.27,130773,92473,70.71,Fri Jun 24 2016 01:28:07 GMT+0000 (GMT),1,1,0,false,0,false,49,W92000004,Wales,0
W06000015,Cardiff,REMAIN,3,101788,60.01509398363246,67816,39.98490601636754,33972,20.03,243686,169604,69.6,Fri Jun 24 2016 03:01:46 GMT+0000 (GMT),1,1,0,false,0,false,55,W92000004,Wales,0
W06000010,Carmarthenshire,LEAVE,3,47654,46.25030329499685,55381,53.74969670500316,7727,7.5,139222,103035,74.01,Fri Jun 24 2016 02:08:49 GMT+0000 (GMT),1,1,0,false,0,false,57,W92000004,Wales,0
W06000008,Ceredigion,REMAIN,3,21711,54.629862613859395,18031,45.370137386140605,3680,9.26,54464,39742,72.97,Fri Jun 24 2016 01:51:42 GMT+0000 (GMT),1,1,0,false,0,false,60,W92000004,Wales,0
W06000003,Conwy,LEAVE,3,30147,46.023143624816804,35357,53.97685637518319,5210,7.95,91364,65504,71.7,Fri Jun 24 2016 01:26:45 GMT+0000 (GMT),1,1,0,false,0,false,76,W92000004,Wales,0
W06000004,Denbighshire,LEAVE,3,23955,46.00361038561991,28117,53.99638961438009,4162,7.99,75361,52072,69.1,Fri Jun 24 2016 01:11:48 GMT+0000 (GMT),1,1,0,false,0,false,89,W92000004,Wales,0
W06000005,Flintshire,LEAVE,3,37867,43.62708388538775,48930,56.37291611461226,11063,12.75,115954,86797,74.85,Fri Jun 24 2016 00:56:54 GMT+0000 (GMT),1,1,0,false,0,false,126,W92000004,Wales,0
W06000002,Gwynedd,REMAIN,3,35517,58.05138766303814,25665,41.94861233696185,9852,16.1,84575,61182,72.34,Fri Jun 24 2016 03:39:32 GMT+0000 (GMT),1,1,0,false,0,false,140,W92000004,Wales,0
W06000001,Isle of Anglesey,LEAVE,3,18618,49.05799583673684,19333,50.94200416326316,715,1.88,51445,37951,73.77,Fri Jun 24 2016 01:18:34 GMT+0000 (GMT),1,1,0,false,0,false,6,W92000004,Wales,0
W06000024,Merthyr Tydfil,LEAVE,3,12574,43.56140654772215,16291,56.43859345227784,3717,12.88,42854,28865,67.36,Fri Jun 24 2016 00:44:57 GMT+0000 (GMT),1,1,0,false,0,false,195,W92000004,Wales,0
W06000021,Monmouthshire,REMAIN,3,28061,50.44220744202769,27569,49.55779255797232,492,0.88,71607,55630,77.69,Fri Jun 24 2016 02:28:14 GMT+0000 (GMT),1,1,0,false,0,false,204,W92000004,Wales,0
W06000012,Neath Port Talbot,LEAVE,3,32651,43.15946703325755,43001,56.84053296674245,10350,13.68,105767,75652,71.53,Fri Jun 24 2016 02:20:08 GMT+0000 (GMT),1,1,0,false,0,false,206,W92000004,Wales,0
W06000022,Newport,LEAVE,3,32413,44.01010197015574,41236,55.98989802984426,8823,11.98,104986,73649,70.15,Fri Jun 24 2016 01:28:09 GMT+0000 (GMT),1,1,0,false,0,false,212,W92000004,Wales,0
W06000009,Pembrokeshire,LEAVE,3,29367,42.85776830798868,39155,57.14223169201132,9788,14.28,91649,68522,74.77,Fri Jun 24 2016 02:10:12 GMT+0000 (GMT),1,1,0,false,0,false,237,W92000004,Wales,0
W06000023,Powys,LEAVE,3,36762,46.259547748178534,42707,53.740452251821466,5945,7.48,103265,79469,76.96,Fri Jun 24 2016 02:42:10 GMT+0000 (GMT),1,1,0,false,0,false,244,W92000004,Wales,0
W06000016,Rhondda Cynon Taf,LEAVE,3,53973,46.30371558727898,62590,53.69628441272102,8617,7.39,172877,116563,67.43,Fri Jun 24 2016 01:51:43 GMT+0000 (GMT),1,1,0,false,0,false,253,W92000004,Wales,0
W06000011,Swansea,LEAVE,3,58307,48.49097244746056,61936,51.50902755253944,3629,3.02,172950,120243,69.52,Fri Jun 24 2016 01:01:25 GMT+0000 (GMT),1,1,0,false,0,false,320,W92000004,Wales,0
W06000020,Torfaen,LEAVE,3,19363,40.21892655367232,28781,59.78107344632768,9418,19.56,68946,48144,69.83,Fri Jun 24 2016 02:57:23 GMT+0000 (GMT),1,1,0,false,0,false,336,W92000004,Wales,0
W06000014,Vale of Glamorgan,REMAIN,3,36681,50.728125129651914,35628,49.271874870348086,1053,1.46,95003,72309,76.11,Fri Jun 24 2016 02:13:27 GMT+0000 (GMT),1,1,0,false,0,false,342,W92000004,Wales,0
W06000006,Wrexham,LEAVE,3,28822,40.96012278657306,41544,59.03987721342694,12722,18.08,98376,70366,71.53,Fri Jun 24 2016 01:30:26 GMT+0000 (GMT),1,1,0,false,0,false,377,W92000004,Wales,0
E08000025,Birmingham,LEAVE,3,223451,49.57843541852488,227251,50.42156458147512,3800,0.84,707210,450702,63.73,Fri Jun 24 2016 03:41:43 GMT+0000 (GMT),1,1,0,false,0,false,24,E12000005,West Midlands,0
E07000234,Bromsgrove,LEAVE,3,26252,44.63487205644818,32563,55.36512794355182,6311,10.73,74151,58815,79.32,Fri Jun 24 2016 02:29:04 GMT+0000 (GMT),1,1,0,false,0,false,44,E12000005,West Midlands,0
E07000192,Cannock Chase,LEAVE,3,16684,31.13964686998395,36894,68.86035313001605,20210,37.72,75010,53578,71.43,Fri Jun 24 2016 02:14:19 GMT+0000 (GMT),1,1,0,false,0,false,53,E12000005,West Midlands,0
E08000026,Coventry,LEAVE,3,67967,44.4043014686667,85097,55.59569853133329,17130,11.19,221221,153064,69.19,Fri Jun 24 2016 02:14:22 GMT+0000 (GMT),1,1,0,false,0,false,81,E12000005,West Midlands,0
E08000027,Dudley,LEAVE,3,56780,32.40386700603792,118446,67.59613299396209,61666,35.19,244491,175226,71.67,Fri Jun 24 2016 03:55:44 GMT+0000 (GMT),1,1,0,false,0,false,94,E12000005,West Midlands,0
E07000193,East Staffordshire,LEAVE,3,22850,36.78601326550325,39266,63.21398673449675,16416,26.43,83558,62116,74.34,Fri Jun 24 2016 03:24:18 GMT+0000 (GMT),1,1,0,false,0,false,111,E12000005,West Midlands,0
E06000019,Herefordshire,LEAVE,3,44148,40.77583818232197,64122,59.224161817678024,19974,18.45,138247,108270,78.32,Fri Jun 24 2016 03:48:53 GMT+0000 (GMT),1,1,0,false,0,false,155,E12000005,West Midlands,0
E07000194,Lichfield,LEAVE,3,26064,41.189670975694554,37214,58.81032902430544,11150,17.62,80371,63278,78.73,Fri Jun 24 2016 02:37:12 GMT+0000 (GMT),1,1,0,false,0,false,183,E12000005,West Midlands,0
E07000235,Malvern Hills,LEAVE,3,23203,47.8441965482401,25294,52.15580345175991,2091,4.31,60215,48497,80.54,Fri Jun 24 2016 01:50:12 GMT+0000 (GMT),1,2,0,false,0,false,189,E12000005,West Midlands,0
E07000195,Newcastle-under-Lyme,LEAVE,3,25477,36.95854005280413,43457,63.04145994719587,17980,26.08,92812,68934,74.27,Fri Jun 24 2016 03:57:55 GMT+0000 (GMT),1,1,0,false,0,false,209,E12000005,West Midlands,0
E07000218,North Warwickshire,LEAVE,3,12569,33.11640406808242,25385,66.88359593191758,12816,33.77,49789,37954,76.23,Fri Jun 24 2016 01:21:28 GMT+0000 (GMT),1,1,0,false,0,false,225,E12000005,West Midlands,0
E07000219,Nuneaton and Bedworth,LEAVE,3,23736,33.990634531941396,46095,66.0093654680586,22359,32.02,93973,69831,74.31,Fri Jun 24 2016 01:41:43 GMT+0000 (GMT),1,1,0,false,0,false,232,E12000005,West Midlands,0
E07000236,Redditch,LEAVE,3,17303,37.71195675864173,28579,62.288043241358274,11276,24.58,61029,45882,75.18,Fri Jun 24 2016 02:11:29 GMT+0000 (GMT),1,1,0,false,0,false,250,E12000005,West Midlands,0
E07000220,Rugby,LEAVE,3,25350,43.29706741361936,33199,56.70293258638064,7849,13.41,74127,58549,78.98,Fri Jun 24 2016 01:53:38 GMT+0000 (GMT),1,1,0,false,0,false,262,E12000005,West Midlands,0
E08000028,Sandwell,LEAVE,3,49004,33.27855270485012,98250,66.72144729514987,49246,33.44,221441,147254,66.5,Fri Jun 24 2016 03:25:32 GMT+0000 (GMT),1,1,0,false,0,false,269,E12000005,West Midlands,0
E06000051,Shropshire,,0,,,,,,,,,,,0,0,0,false,0,false,279,E12000005,West Midlands,0
E08000029,Solihull,,0,,,,,,,,,,,0,0,0,false,0,false,281,E12000005,West Midlands,0
E07000196,South Staffordshire,LEAVE,3,23444,35.1526419960415,43248,64.8473580039585,19804,29.69,85788,66692,77.74,Fri Jun 24 2016 03:15:16 GMT+0000 (GMT),1,1,0,false,0,false,297,E12000005,West Midlands,0
E07000197,Stafford,LEAVE,3,34098,44.006504568685145,43386,55.993495431314855,9288,11.99,99605,77484,77.79,Fri Jun 24 2016 03:32:04 GMT+0000 (GMT),1,1,0,false,0,false,306,E12000005,West Midlands,0
E07000198,Staffordshire Moorlands,LEAVE,3,21076,35.26773761713521,38684,64.73226238286479,17608,29.46,79364,59760,75.3,Fri Jun 24 2016 04:14:49 GMT+0000 (GMT),1,1,0,false,0,false,307,E12000005,West Midlands,0
E06000021,Stoke-on-Trent,,0,,,,,,,,,,,0,0,0,false,0,false,312,E12000005,West Midlands,0
E07000221,Stratford-on-Avon,LEAVE,3,38341,48.436039313777506,40817,51.56396068622249,2476,3.13,98004,79158,80.77,Fri Jun 24 2016 02:21:37 GMT+0000 (GMT),1,1,0,false,0,false,313,E12000005,West Midlands,0
E07000199,Tamworth,LEAVE,3,13705,32.53103562866434,28424,67.46896437133566,14719,34.94,56823,42129,74.14,Fri Jun 24 2016 01:26:13 GMT+0000 (GMT),1,1,0,false,0,false,323,E12000005,West Midlands,0
E06000020,Telford and Wrekin,LEAVE,3,32954,36.7777864580427,56649,63.222213541957295,23695,26.44,124339,89603,72.06,Fri Jun 24 2016 02:13:35 GMT+0000 (GMT),1,1,0,false,0,false,327,E12000005,West Midlands,0
E08000030,Walsall,LEAVE,3,43572,32.137720443431505,92007,67.8622795565685,48435,35.72,194714,135579,69.63,Fri Jun 24 2016 02:36:47 GMT+0000 (GMT),1,1,0,false,0,false,345,E12000005,West Midlands,0
E07000222,Warwick,REMAIN,3,47976,58.78115121664339,33642,41.21884878335661,14334,17.56,103098,81618,79.17,Fri Jun 24 2016 03:11:18 GMT+0000 (GMT),1,1,0,false,0,false,349,E12000005,West Midlands,0
E08000031,Wolverhampton,LEAVE,3,44138,37.42538325871659,73798,62.57461674128341,29660,25.15,174758,117936,67.49,Fri Jun 24 2016 02:19:55 GMT+0000 (GMT),1,1,0,false,0,false,374,E12000005,West Midlands,0
E07000237,Worcester,LEAVE,3,25125,46.32275668799203,29114,53.67724331200796,3989,7.35,73516,54239,73.78,Fri Jun 24 2016 02:19:36 GMT+0000 (GMT),1,1,0,false,0,false,375,E12000005,West Midlands,0
E07000238,Wychavon,LEAVE,3,32188,42.136956891699064,44201,57.863043108300936,12013,15.73,94497,76389,80.84,Fri Jun 24 2016 03:25:52 GMT+0000 (GMT),1,1,0,false,0,false,378,E12000005,West Midlands,0
E07000239,Wyre Forest,LEAVE,3,21240,36.85452526374237,36392,63.14547473625763,15152,26.29,77875,57632,74.01,Fri Jun 24 2016 01:51:09 GMT+0000 (GMT),1,1,0,false,0,false,381,E12000005,West Midlands,0
E08000016,Barnsley,LEAVE,3,38951,31.690925806897784,83958,68.30907419310222,45007,36.62,175760,122909,69.93,Fri Jun 24 2016 02:38:08 GMT+0000 (GMT),1,1,0,false,0,false,16,E12000003,Yorkshire and The Humber,0
E08000032,Bradford,LEAVE,3,104575,45.76826791779,123913,54.23173208221,19338,8.46,342817,228488,66.65,Fri Jun 24 2016 04:13:29 GMT+0000 (GMT),1,1,0,false,0,false,34,E12000003,Yorkshire and The Humber,0
E08000033,Calderdale,LEAVE,3,46950,44.323814019353314,58975,55.676185980646686,12025,11.35,149191,105925,71,Fri Jun 24 2016 03:36:07 GMT+0000 (GMT),1,1,0,false,0,false,50,E12000003,Yorkshire and The Humber,0
E07000163,Craven,LEAVE,3,16930,47.17059987183416,18961,52.82940012816584,2031,5.66,44320,35891,80.98,Fri Jun 24 2016 01:36:29 GMT+0000 (GMT),1,1,0,false,0,false,82,E12000003,Yorkshire and The Humber,0
E08000017,Doncaster,LEAVE,3,46922,31.03676363588258,104260,68.96323636411742,57338,37.93,217422,151182,69.53,Fri Jun 24 2016 02:43:31 GMT+0000 (GMT),1,1,0,false,0,false,92,E12000003,Yorkshire and The Humber,0
E06000011,East Riding of Yorkshire,LEAVE,3,78779,39.60435361837971,120136,60.395646381620296,41357,20.79,265655,198915,74.88,Fri Jun 24 2016 02:32:24 GMT+0000 (GMT),1,1,0,false,0,false,110,E12000003,Yorkshire and The Humber,0
E07000164,Hambleton,LEAVE,3,25480,46.342439343785244,29502,53.65756065621476,4022,7.32,70139,54982,78.39,Fri Jun 24 2016 03:11:53 GMT+0000 (GMT),1,1,0,false,0,false,143,E12000003,Yorkshire and The Humber,0
E07000165,Harrogate,REMAIN,3,48211,50.97108420996987,46374,49.02891579003013,1837,1.94,119977,94585,78.84,Fri Jun 24 2016 02:57:26 GMT+0000 (GMT),1,1,0,false,0,false,148,E12000003,Yorkshire and The Humber,0
E06000010,Hull,LEAVE,3,36709,32.384103039124874,76646,67.61589696087512,39937,35.23,180230,113355,62.89,Fri Jun 24 2016 03:33:22 GMT+0000 (GMT),1,1,0,false,0,false,173,E12000003,Yorkshire and The Humber,0
E08000034,Kirklees,LEAVE,3,98485,45.33465291843123,118755,54.66534708156877,20270,9.33,307068,217240,70.75,Fri Jun 24 2016 03:32:23 GMT+0000 (GMT),1,2,0,false,0,false,175,E12000003,Yorkshire and The Humber,0
E08000035,Leeds,REMAIN,3,194863,50.30838778634625,192474,49.69161221365374,2389,0.62,543037,387337,71.33,Fri Jun 24 2016 03:59:15 GMT+0000 (GMT),1,1,0,false,0,false,179,E12000003,Yorkshire and The Humber,0
E06000012,North East Lincolnshire,LEAVE,3,23797,30.129649793623862,55185,69.87035020637614,31388,39.74,116294,78982,67.92,Fri Jun 24 2016 01:46:43 GMT+0000 (GMT),1,1,0,false,0,false,217,E12000003,Yorkshire and The Humber,0
E06000013,North Lincolnshire,LEAVE,3,29947,33.70056942225023,58915,66.29943057774977,28968,32.6,123597,88862,71.9,Fri Jun 24 2016 03:20:02 GMT+0000 (GMT),1,1,0,false,0,false,221,E12000003,Yorkshire and The Humber,0
E07000166,Richmondshire,LEAVE,3,11945,43.22260819221306,15691,56.77739180778695,3746,13.55,36795,27636,75.11,Fri Jun 24 2016 02:02:01 GMT+0000 (GMT),1,1,0,false,0,false,256,E12000003,Yorkshire and The Humber,0
E08000018,Rotherham,LEAVE,3,44115,32.11002496597203,93272,67.88997503402796,49157,35.78,197616,137387,69.52,Fri Jun 24 2016 03:30:17 GMT+0000 (GMT),1,1,0,false,0,false,261,E12000003,Yorkshire and The Humber,0
E07000167,Ryedale,LEAVE,3,14340,44.742589703588145,17710,55.257410296411855,3370,10.51,41511,32050,77.21,Fri Jun 24 2016 02:45:14 GMT+0000 (GMT),1,1,0,false,0,false,267,E12000003,Yorkshire and The Humber,0
E07000168,Scarborough,LEAVE,3,22999,38.007965493877144,37512,61.99203450612285,14513,23.98,82891,60511,73,Fri Jun 24 2016 02:14:08 GMT+0000 (GMT),1,1,0,false,0,false,270,E12000003,Yorkshire and The Humber,0
E07000169,Selby,LEAVE,3,21071,40.832897312171774,30532,59.16710268782823,9461,18.33,65280,51603,79.05,Fri Jun 24 2016 03:26:02 GMT+0000 (GMT),1,1,0,false,0,false,274,E12000003,Yorkshire and The Humber,0
E08000019,Sheffield,LEAVE,3,130735,49.009758090818096,136018,50.9902419091819,5283,1.98,393055,266753,67.87,Fri Jun 24 2016 02:27:34 GMT+0000 (GMT),1,1,0,false,0,false,276,E12000003,Yorkshire and The Humber,0
E08000036,Wakefield,LEAVE,3,58877,33.63592737742941,116165,66.36407262257057,57288,32.73,246096,175042,71.13,Fri Jun 24 2016 03:26:28 GMT+0000 (GMT),1,1,0,false,0,false,344,E12000003,Yorkshire and The Humber,0
E06000014,York,,0,,,,,,,,,,,0,0,0,false,0,false,382,E12000003,Yorkshire and The Humber,0